Id,Article Type,Newspaper,City,State,Publication Date,Page,Headline,Sub Headline,Byline,Event,Location of research,Status,Contributor,User Comments,CM Comments,Page URL,Download File,Unnamed: 18,Missing,Other,Latitude,Longitude,Wise,Soap_Corpse,Mention Perpatrator,"Scale, none, other",Passive vs Active,Missing
51029,News Article,The Sacramento Bee,Sacramento,California,25-Nov-42,17,Wise Says Nazis Are Using Dead Jews For Soap,,AP,Nazi Plan to Kill All Jews Confirmed,Newspapers.com (https://www.newspapers.com),Published,Randall Scott,,,https://newspapers.ushmm.org/article/51029,,,[24],1,38.5815719,-121.4943996,1,1,1,2,1,
50116,News Article,The Spartanburg Herald/The Sunday Herald-Journal,Spartanburg,South+Carolina,25-Nov-42,1,Dr. Wise Reports Half Of Jews In Europe Are Slain,,AP,Nazi Plan to Kill All Jews Confirmed,Google Newspaper Archive (https://news.google.com/newspapers),Published,Mary Allred,Link to article: https://news.google.com/newspapers?id=GvkeAAAAIBAJ&sjid=8soEAAAAIBAJ&hl=fr&pg=2178%2C2081460,,https://newspapers.ushmm.org/article/50116,,,[24],,34.9495672,-81.9320482,1,0,0,1,1,
49956,News Article,Gazette and Bulletin,Williamsport,Pennsylvania,25-Nov-42,1,"2,000,000 Jews Slain, Wise Hears","Death Of All Jews In Occupied Europe Ordered By Hitler, Leader Learns",AP,Nazi Plan to Kill All Jews Confirmed,Google Newspaper Archive (https://news.google.com/newspapers),Published,Mary Allred,Link to article: https://news.google.com/newspapers?id=cYQ6AAAAIBAJ&sjid=CyoMAAAAIBAJ&pg=5857%2C5862926,,https://newspapers.ushmm.org/article/49956,,,[24],,41.2411897,-77.0010786,1,0,0,0,0,
47012,News Article,The Kansas City Times,Kansas+City+,Missouri,25-Nov-42,2,Wiping Out Jews,Dr. Stephen Wise Says State Department Confirms Story of Massacre.,AP,Nazi Plan to Kill All Jews Confirmed,Newspapers.com (https://www.newspapers.com),Published,Sarah Biddick,"Additional sub-headlines:
At Least 2 Million Die
""Extermination Campaign"" Is In Full Swing in Nazi Europe.
Horrible Death Design
German Doctors Reportedly Inject Air Bubbles Into Veins of Victims",,https://newspapers.ushmm.org/article/47012,,,[24],,39.0997265,-94.5785667,1,0,0,2,0,
41794,News Article,The Owensboro Messenger-Inquirer/The Owensboro Messenger,Owensboro,Kentucky,25-Nov-42,3,Declares Hitler Exterminating Jews In Europe,Dr. Stephen Wise Says Half of 4 Million Population Slain.,AP,Nazi Plan to Kill All Jews Confirmed,Newspapers.com (https://www.newspapers.com),Published,Patricia Pawelak-Kort,,,https://newspapers.ushmm.org/article/41794,,,[24],,37.7719074,-87.1111676,1,0,1,2,1,
40620,News Article,The Arizona Daily Star,Tucson,Arizona,25-Nov-42,2,German Death Plot Charged,Wise Says Extermination Of Jews Planned by Hitler,AP,Nazi Plan to Kill All Jews Confirmed,Newspapers.com (https://www.newspapers.com),Published,Pamela Lightfoot,,,https://newspapers.ushmm.org/article/40620,,,[24],,32.2226066,-110.9747108,1,0,1,2,1,
39374,News Article,The Cedar Rapids Gazette,Cedar+Rapids,Iowa,25-Nov-42,1,Charges Drive to Exterminate Europe's Jews,,AP,Nazi Plan to Kill All Jews Confirmed,Newspapers.com (https://www.newspapers.com),Published,colton kinnison,It is informing people in America about what Hitler has done and is going to continue to do throughout the duration of the Holocaust and World War II.,"Hi Colton,

This is a great article! We actually already have this article in the database. We love to get new ones! 

See what we already have in the database by using this link: https://newspapers.ushmm.org/blog/2017/09/14/how-do-i-upload-articles-not-yet-in-the-database/

Keep up all the great work!

- Samantha",https://newspapers.ushmm.org/article/39374,,,[24],,41.9778795,-91.6656232,0,0,0,2,1,
34412,News Article,The Salt Lake Tribune,Salt+Lake+City,Utah,25-Nov-42,2,Nazis Execute Half of European Jews,Hebrew Congress Leader Says Two Million Die,AP,Nazi Plan to Kill All Jews Confirmed,Newspapers.com (https://www.newspapers.com),Published,Elif Shannon-Chastain,,,https://newspapers.ushmm.org/article/34412,,,[24],,40.7607793,-111.8910474,1,0,1,1,1,
33902,News Article,The Miami Herald/The Herald,Miami,Florida,25-Nov-42,1,"2,000,000 Jews 'Exterminated' By Nazis, Dr. Wise Reports",Price Set On Corpses,AP,Nazi Plan to Kill All Jews Confirmed,Newspapers.com (https://www.newspapers.com),Published,Sandra Auerbach,,,https://newspapers.ushmm.org/article/33902,,,[24],,25.7616798,-80.1917902,1,1,1,0,0,
32944,News Article,The Sioux City Journal,Sioux+City,Iowa,25-Nov-42,11,Hitler Murders 2 Million Jews,Dr. Stephen Wise Tells of Horrible Campaign of Extermination,AP,Nazi Plan to Kill All Jews Confirmed,Newspapers.com (https://www.newspapers.com),Published,Elizabeth Hedlund,,,https://newspapers.ushmm.org/article/32944,,,[24],,42.4963416,-96.4049408,1,0,1,0,1,
32138,News Article,Meriden Record,Meriden,Connecticut,25-Nov-42,2,"2.000,000 Jews Slain In Europe, Dr. Wise Says","One Of Hitler's Last Mad Acts, He Declares",AP,Nazi Plan to Kill All Jews Confirmed,Google Newspaper Archive (https://news.google.com/newspapers),Published,Noah Christina,This proved how hitler actually did start to kill the jews,"Hi Noah,

Great find, it has been published. I made a slight change in the Headline to correct a typo.

Peter G.",https://newspapers.ushmm.org/article/32138,,,[24],,41.5381535,-72.8070435,1,0,0,0,0,
30675,News Article,The Evening State Journal/The Lincoln State Journal/Lincoln Evening Journal,Lincoln,Nebraska,25-Nov-42,7,"2,000,000 Jews slain in Hitler's terror-ridden Europe, Dr. Wise learns; 'nazis set up price for each corpse'",,AP,Nazi Plan to Kill All Jews Confirmed,Newspapers.com (https://www.newspapers.com),Published,Marlene Knaus,"picture of Dr. Wise

Hitler is disturbed at the Nazi's failing to destroy Jewish people without any delay.","Hi Marlene,

Amazing work! I have approved all 12 of your submissions from Sunday, January 12.

Keep up all the great work!

- Samantha",https://newspapers.ushmm.org/article/30675,,,[24],pic wise,40.813616,-96.7025955,1,1,1,0,0,
30674,News Article,The Billings Gazette,Billings,Montana,25-Nov-42,5,Rabbi Reveals Jew Slaughter,Says Corpses Are Processed by Nazis,AP,Nazi Plan to Kill All Jews Confirmed,Newspapers.com (https://www.newspapers.com),Published,Marlene Knaus,The area that Hitler rules in Europe is directed at the extermination of Jewish individuals occupying any region.,,https://newspapers.ushmm.org/article/30674,,,[24],,45.7832856,-108.5006904,1,1,0,2,1,
30673,News Article,The Minneapolis Morning Tribune/The Minneapolis Tribune/The Minneapolis Sunday Tribune/Star Tribune,Minneapolis,Minnesota,25-Nov-42,2,Order to Slay Every Jew Laid to Hitler,,AP,Nazi Plan to Kill All Jews Confirmed,Newspapers.com (https://www.newspapers.com),Published,Marlene Knaus,"An inexpensive uncomplicated procedure to eliminate the Jewish people was to ""inject air bubbles into veins"".",,https://newspapers.ushmm.org/article/30673,,,[24],,44.977753,-93.2650108,0,0,1,2,0,
30668,News Article,The Boston Daily Globe/The Boston Globe,Boston,Massachusetts,25-Nov-42,5,"2,000,000 Jews Slain by Nazis, Says Dr. Wise",Noted N.Y. Rabbi Cites Washington as News Source,AP,Nazi Plan to Kill All Jews Confirmed,Newspapers.com (https://www.newspapers.com),Published,Marlene Knaus,"The state department confirmed sources of slaying in the ""extermination campaign"".",,https://newspapers.ushmm.org/article/30668,,,[24],,42.3600825,-71.0588801,1,0,1,0,0,
30667,News Article,The Courier-Journal,Louisville,Kentucky,25-Nov-42,3,"2,000,000 Jews Slain So Far, Dr. Wise Says",,AP,Nazi Plan to Kill All Jews Confirmed,Newspapers.com (https://www.newspapers.com),Published,Marlene Knaus,The civilians that have been slain are being reconditioned for processing of fertilizer and soap fats.,,https://newspapers.ushmm.org/article/30667,,,[24],,38.2526647,-85.7584557,1,0,0,0,0,
30218,News Article,The Gazette and Daily/The York Daily Record,York,Pennsylvania,25-Nov-42,11,Two Million Jews Slain in Europe,"Dr. Stephen Wise Terms Nazi Treatment of Jews an ""Extermination Campaign""",AP,Nazi Plan to Kill All Jews Confirmed,Newspapers.com (https://www.newspapers.com),Published,Catalina Gowdy,,"Hello Catalina, thank you for the two articles you submitted Dec. 7! They are a great addition to the History Unfolded database. You may have noticed that the news service ""Associated Press"" was mentioned in both, at the beginning of the article. They are bylines, so I added them in their abbreviated form in the Author/Byline field, ""AP"". Looking forward to your next interesting finds! ‚ÄìNadia",https://newspapers.ushmm.org/article/30218,,,[24],,39.9625984,-76.727745,1,0,0,0,0,
28384,News Article,The Fargo Forum,Fargo,North+Dakota,25-Nov-42,2,Half Of Jews In Nazi Europe 'Exterminated',,AP,Nazi Plan to Kill All Jews Confirmed,Library of Congress,Published,Elif Shannon-Chastain,,,https://newspapers.ushmm.org/article/28384,,,[24],,46.8771863,-96.7898034,0,0,1,1,0,
26527,News Article,St. Paul Pioneer Press,St.+Paul,Minnesota,25-Nov-42,4,Half of Jews in Nazi Areas Reported Slain,,AP,Nazi Plan to Kill All Jews Confirmed,Library of Congress,Published,Sara Schliep,,,https://newspapers.ushmm.org/article/26527,,,[24],,44.9537029,-93.0899578,0,0,1,1,0,
26505,News Article,Bangor Daily News/The Bangor News,Bangor,Maine,25-Nov-42,1,"Dr. Wise Reports 2,000,000 Jews Slain in Europe",,AP,Nazi Plan to Kill All Jews Confirmed,Library of Congress,Published,Jill Breznican,,"Hi Jill, thank you for your contribution to History Unfolded, your article has been published. I just added ""AP"" in the Author/Byline field (you can see it at the beginning of the article after the writing date). Hope to receive other nice finds from you! ‚ÄìNadia",https://newspapers.ushmm.org/article/26505,,,[24],,44.8016128,-68.7712257,1,0,0,0,0,
26490,News Article,Rocky Mountain News,Denver,Colorado,25-Nov-42,7,"Nazis Kill 2 Million Jews, Rabbi Says",,AP,Nazi Plan to Kill All Jews Confirmed,Library of Congress,Published,Jamie Wood,,"Hello Jamie, thank you for the articles you submitted today! They're all very interesting and have been published to the History Unfolded database. 
A couple of things on the data you entered: We typically enter just one number in the ""Page"" field; if you'd like to indicate that the articles continues on another page, you can use the comment section (e.g. ""1"" in the page field and ""Continues on page 2"" in the comments field). Also if you see a wire service indicated along with the author's name, or just a wire service, please enter it in the Author/Byline field ‚Äì for example ""Frederick C. Oechsner (UP)"", or just ""AP"" (article says ""Associated Press""). 
Thanks again, looking forward to other finds from you. ‚ÄìNadia",https://newspapers.ushmm.org/article/26490,,,[24],,39.7392358,-104.990251,1,0,1,0,1,
26441,News Article,The Idaho Daily Statesman/The Idaho Statesman,Boise,Idaho,25-Nov-42,1,Hitler Marks Jews for Death,Authority Charges Half Already Slain in Nazi-held Europe,AP,Nazi Plan to Kill All Jews Confirmed,Library of Congress,Published,Laura Bosserman,,,https://newspapers.ushmm.org/article/26441,,,[24],,43.6150186,-116.2023137,0,0,1,2,1,
26260,News Article,Los Angeles Times,Los+Angeles,California,25-Nov-42,2,Half Of Jews In Europe Dead,"Rabbi Wise Declares  2,000,000 Killed In Occupied Areas",AP,Nazi Plan to Kill All Jews Confirmed,Newspapers.com (https://www.newspapers.com),Published,Steven Braverman,,,https://newspapers.ushmm.org/article/26260,,,[24],,34.0522342,-118.2436849,1,0,0,1,0,
25627,News Article,The Daily Oklahoman,Oklahoma+City,Oklahoma,25-Nov-42,18,Jewish Leader Says Hitler Plans To Exterminate Race,,AP,Nazi Plan to Kill All Jews Confirmed,Newspapers.com (https://www.newspapers.com),Published,Steven Braverman,,,https://newspapers.ushmm.org/article/25627,,,[24],,35.4675602,-97.5164276,1,0,0,2,1,
25505,News Article,The Philadelphia Inquirer,Philadelphia,Pennsylvania,25-Nov-42,3,"2,000,000 Jews Killed In Nazi-Ruled Europe, Dr. Wise Discloses",,AP,Nazi Plan to Kill All Jews Confirmed,Newspapers.com (https://www.newspapers.com),Published,Ashley Odell,,,https://newspapers.ushmm.org/article/25505,,,[24],,39.9525839,-75.1652215,1,0,1,0,0,
24126,News Article,The New York Daily News/The Daily News,New+York,New+York,25-Nov-42,B12,"Nazis Execute 2,000,000 Jews, Dr. Wise Says",,AP,Nazi Plan to Kill All Jews Confirmed,Newspapers.com (https://www.newspapers.com),Published,Steven Braverman,,,https://newspapers.ushmm.org/article/24126,,,[24],,40.7127753,-74.0059728,1,0,1,0,1,
23207,News Article,San Francisco Examiner,San+Francisco,California,25-Nov-42,5,2 Million Jews Believed Slain,,AP,Nazi Plan to Kill All Jews Confirmed,Newspapers.com (https://www.newspapers.com),Published,Steven Braverman,,,https://newspapers.ushmm.org/article/23207,,,[24],,37.7749295,-122.4194155,0,0,0,0,0,
20621,News Article,The Nashville Tennessean,Nashville,Tennessee,25-Nov-42,16,"2,000,000 European Jews  Said Slain","Figure is Half Number Under Nazis, Dr Wise Sa                                                                                                                  ",AP,Nazi Plan to Kill All Jews Confirmed,Newspapers.com (https://www.newspapers.com),Published,Steven Braverman,,,https://newspapers.ushmm.org/article/20621,https://newspapers.ushmm.org/manager/article/photo/30555/original,,[24],,36.1626638,-86.7816016,1,0,0,0,0,
20329,News Article,"The Morning Herald (Hagerstown, Maryland)",Hagerstown,Maryland,25-Nov-42,1,DR. WISE REPORTED MANY JEWS SLAIN,Extermination of All in Nazi-Occupied Europe Reported Ordered,AP,Nazi Plan to Kill All Jews Confirmed,Newspapers.com (https://www.newspapers.com),Published,Neha Mylvaganan,,,https://newspapers.ushmm.org/article/20329,https://www.newspapers.com/clip/77691537/,,[24],,39.6417629,-77.7199932,1,0,0,1,0,
20313,News Article,Eau Claire Leader (Leader-Telegram),Eau+Claire,Wisconsin,25-Nov-42,1,"2,000,000 Jews Reported Slain in Nazi Europe",,AP,Nazi Plan to Kill All Jews Confirmed,Newspapers.com (https://www.newspapers.com),Published,Neha Mylvaganan,,,https://newspapers.ushmm.org/article/20313,https://www.newspapers.com/clip/77690768/,,[24],,44.811349,-91.4984941,0,0,1,0,0,
20308,News Article,The Plain Speaker,Hazleton,Pennsylvania,25-Nov-42,3,Four Million Jews Killed,Rabbi Wise Reports Half of Europe's Hebrew Population Exterminated,AP,Nazi Plan to Kill All Jews Confirmed,Newspapers.com (https://www.newspapers.com),Published,Neha Mylvaganan,,,https://newspapers.ushmm.org/article/20308,https://www.newspapers.com/clip/77690642/,,[24],,40.9584181,-75.9746472,1,0,0,0,0,
19761,News Article,Standard Sentinel,Hazleton,Pennsylvania,25-Nov-42,1,Half Of Jews In Europe Were Slain,Hitler Had Ordered Extermination of All Jews In Nazi- Ruled Areas In 1942,AP,Nazi Plan to Kill All Jews Confirmed,Newspapers.com (https://www.newspapers.com),Published,Luke Teitell,,"Another good entry, Luke! -Eric",https://newspapers.ushmm.org/article/19761,https://www.newspapers.com/clip/70942902/spans-2-columns/,,[24],,40.9584181,-75.9746472,0,0,0,1,0,
19598,News Article,The Longview (Texas) Daily News,Longview,Texas,25-Nov-42,6,CORPSES GO AT 50 MARKS FOR GERMAN SOAP-MAKING PLANTS,Officially Confirmed Sources Assert Two  Million Jews Slain By Hitler's Orders,AP,Nazi Plan to Kill All Jews Confirmed,Newspapers.com (https://www.newspapers.com),Published,Neha Mylvaganan,,,https://newspapers.ushmm.org/article/19598,https://www.newspapers.com/clip/62063374/,,[24],,32.5007037,-94.7404891,0,0,1,2,2,
19374,News Article,The Decatur Herald (Decatur Herald and Review),Decatur,Illinois,25-Nov-42,1,2 Million Jews In Europe Slain,State Department Confirms Sources,AP,Nazi Plan to Kill All Jews Confirmed,Newspapers.com (https://www.newspapers.com),Published,Neha Mylvaganan,,"Hi Neha,
Thanks for researching for History Unfolded. This article has been published in our database.
-Bethany",https://newspapers.ushmm.org/article/19374,https://newspapers.ushmm.org/manager/article/photo/27708/original,,[24],,39.8403147,-88.9548001,0,0,0,0,0,
18988,News Article,The Charleston Daily Mail,Charleston,West+Virginia,25-Nov-42,12,"Nazis Use Victims Bodies for Soap Fats, Fertilizer ",,AP,Nazi Plan to Kill All Jews Confirmed,Find Newspaper Archive (https://newspaperarchive.com/),Published,Susan T Hessel,More references to Hitler's plan.,,https://newspapers.ushmm.org/article/18988,https://www.newspapers.com/clip/59106995/,,[24],,38.3498195,-81.6326234,0,1,1,2,1,
18357,News Article,The Greenville News,Greenville,South+Carolina,25-Nov-42,8,"2,000,000 Jews Slain, Wise Says",About Half Of Those In Nazi Territory Killed,AP,Nazi Plan to Kill All Jews Confirmed,Newspapers.com (https://www.newspapers.com),Published,Amy Minton,"Rabbi Wise and State Dept confirms half of the 4 million Jews in Nazi occupied territory have been killed in an ""extermination campaign.""

Link to image:
https://www.newspapers.com/clip/21510291/nazi_plan/",,https://newspapers.ushmm.org/article/18357,https://www.newspapers.com/clip/50032805/,,[24],,34.8526176,-82.3940104,1,0,0,0,0,
17048,News Article,Plattsburgh Press-Republican,Plattsburgh,New+York,25-Nov-42,1,Fierce Fighting Spreads Over Most of Tunisia ,Navy Without Any Knowledge of Big Battle ,AP,Nazi Plan to Kill All Jews Confirmed,New York State Historic Newspapers (http://nyshistoricnewspapers.org/),Published,Frances Lofranco,"This is important because it is Wise, the chairman of the World Jewish Congress, said that the Jews were put into extermination camps.  Article is available online at http://nyshistoricnewspapers.org/lccn/sn84031356/1942-11-25/ed-1/seq-1/.

This article is only one sentence long and has no headline to it. It is located at the end of the article about the Navy having no knowledge of big battle.","Frances,

I had to look several times before finding this article. I'm really impressed that you noticed it. It's basically a one sentence piece tacked onto the end of the article that you cite here. It doesn't really have it's own headline; so, I'm leaving the ones you have provided as guidance.  Wow!

Thanks for the research.

/David",https://newspapers.ushmm.org/article/17048,https://newspapers.ushmm.org/manager/article/photo/24163/original,,[24],,44.6994873,-73.4529124,0,0,0,2,2,
16131,News Article,The Chillicothe Constitution-Tribune,Chillicothe,Missouri,25-Nov-42,3,Confirms Story Of Jew Massacre,"""Extermination Campaign"" Is In Full Swing in Nazi Europe.",AP,Nazi Plan to Kill All Jews Confirmed,Newspapers.com (https://www.newspapers.com),Published,Will Burke,"This is important because it states that Nazi, Germany is confirmed to be killing Jews. ","Will, I have changed the page number from 25 to 3. I know this was confusing. Newspapers.com shows multiple editions of the newspaper for each day, and this article appears in the last one. I also corrected the headline and sub-headline. Thanks for your contribution. -Edie",https://newspapers.ushmm.org/article/16131,https://www.newspapers.com/clip/38981750/,,[24],,39.7952946,-93.5524358,0,0,0,2,2,
14791,News Article,The Indianapolis Star,Indianapolis,Indiana,25-Nov-42,3,Two Million Jews are Slain,Dr. Stephen S. Wise Says Total Extermination has been Ordered,AP,Nazi Plan to Kill All Jews Confirmed,Newspapers.com (https://www.newspapers.com),Published,andy townsend,,"Great find, Andy - such a sad story, but these articles are critical to our project.  Keep it up! -Chelsea",https://newspapers.ushmm.org/article/14791,https://newspapers.ushmm.org/manager/article/photo/22509/original,,[24],,39.768403,-86.158068,1,0,0,0,0,
13502,News Article,Democrat and Chronicle,Rochester,New+York,25-Nov-42,2,"2 Million European Jews Slain by Nazis, Rabbi Says ",Systematic Program Of Extermination Told by Leader,AP,Nazi Plan to Kill All Jews Confirmed,Newspapers.com (https://www.newspapers.com),Published,Nicole Jamieson,,Approved. Thanks for helping History Unfolded. gn,https://newspapers.ushmm.org/article/13502,https://www.newspapers.com/clip/32257282/,,[24],,43.1565779,-77.6088465,1,0,1,0,0,
13498,News Article,The Hartford Courant,Hartford,Connecticut,25-Nov-42,1,"2,000,000 Jews Slain Wise Says",Rabbi Quotes Reports That Hitler has Ordered All in Nazi Europe Be Exterminated,AP,Nazi Plan to Kill All Jews Confirmed,Newspapers.com (https://www.newspapers.com),Published,Nicole Jamieson,,"Interesting article, Nicole, in that it not only talks about the fact of the extermination drive, but also the commodification of murder.
I have changed the way the page number was entered to reflect our protocol, and ""Associated Press"" should be written as AP. Good work. - Edie",https://newspapers.ushmm.org/article/13498,https://newspapers.ushmm.org/manager/article/photo/20207/original,,[24],,41.7658043,-72.6733723,1,0,0,0,0,
12551,News Article,The Dallas Morning News,Dallas,Texas,25-Nov-42,1,"Corpses Priced at 50 Marks, Nazis Use Them to Make Soap","Officially Confirmed Sources Say 2,000,000 Jews Slain in Hitler Extermination Campaign",AP,Nazi Plan to Kill All Jews Confirmed,Newsbank (http://infoweb.newsbank.com/),Published,Olivia MacPhail,,Hi Olivia--thank you for submitting this article about Rabbi Wise‚Äôs public statement regarding the Nazi plan to annihilate the Jews of Europe. Even so many years later it is quite shocking to read this information in print. - Jennifer,https://newspapers.ushmm.org/article/12551,https://newspapers.ushmm.org/manager/article/photo/18226/original,,[24],,32.7766642,-96.7969879,0,1,1,2,2,
12453,News Article,Chattanooga Daily Times,Chattanooga,Tennessee,25-Nov-42,2,"SAYS 2,000,000 JEWS EXECUTED BY NAZIS",Dr. Wise Declares Half of Those in Europe Slain,AP,Nazi Plan to Kill All Jews Confirmed,Library of Congress,Published,Don Reisman,Reports on Nazi efforts to kill Jews the day after November 24 press conference by Rabbi Stephen Wise.,"It is interesting to me that the article here mentions how Dr. Wise says the facts are true, indicating that the burden of proof seems to fall on him. Good work on an under-represented state in the database, Don! -Eric",https://newspapers.ushmm.org/article/12453,https://www.newspapers.com/clip/25990990/,,[24],,35.0456297,-85.3096801,1,0,1,0,0,
12441,News Article,The Pawtucket Times,Pawtucket,Rhode+Island,25-Nov-42,2,Dr. Wise Cites Jew Murders,Leader Declares Nazis Process Corpses for Soap Fats,AP,Nazi Plan to Kill All Jews Confirmed,Library of Congress,Published,Jen Wachtel,The Pawtucket Times reported heavily on Stalingrad and included this article alongside its reporting. This is the second article related to Nazi atrocities presented within the first pages of the paper.,"Jen -- Nice find!  Thanks for joining us to research this.

/David",https://newspapers.ushmm.org/article/12441,https://www.newspapers.com/clip/26087245/,,[24],,41.878711,-71.3825558,1,1,0,2,1,
12438,News Article,The Burlington Free Press,Burlington,Vermont,25-Nov-42,3,Hears Half Jews In Occupied Europe Slain,"This Would Be An Estimated 2,000,000 Says Dr. Wise",AP,Nazi Plan to Kill All Jews Confirmed,Library of Congress,Published,Renee Carl,,"The contrast of the article content to the photo to the left is striking. Thank you for your work, Renee! -Eric",https://newspapers.ushmm.org/article/12438,https://www.newspapers.com/clip/26087174/,,[24],,44.4758825,-73.212072,1,0,0,1,0,
10468,News Article,The Palladium-Item and Sun-Telegram,Richmond,Indiana,25-Nov-42,2,"Half of Jews in Nazi-Europe Ordered Killed, Report Shows",,AP,Nazi Plan to Kill All Jews Confirmed,Newspapers.com (https://www.newspapers.com),Published,Linda Osborn,,,https://newspapers.ushmm.org/article/10468,https://www.newspapers.com/clip/25107650/,,[24],,39.8289369,-84.8902382,0,0,1,1,0,
9463,News Article,The San Bernardino Daily Sun/The San Bernardino County Sun,San+Bernardino,California,25-Nov-42,1,Half of Jews In Nazi-Ruled Europe Slain,,AP,Nazi Plan to Kill All Jews Confirmed,California Digital Newspaper Collection (https://cdnc.ucr.edu/cgi-bin/cdnc),Published,Sage Atkinson,Link to article: https://cdnc.ucr.edu/cgi-bin/cdnc?a=d&d=SBS19421125&e=09-01-1938-12-11-1972--en--20--1--txt-txIN-No+one+knew+what+was+going+on+at+Buchenwald%2c+Auschwitz+or+Dachau...-------1,"The headline ""Stalingrad Siege Weakening"" is not associated with the story you submitted with the headline ""Half of Jews In Nazi-Ruled Europe Slain"". Old newspapers are hard to follow. Since there is a solid, continuous horizontal line between the headline ""Stalingrad Siege Weakening"" and the headline ""Half of Jews In Nazi-Ruled Europe Slain"", you know they are two separate stories. Thank you for your find, Sage! -Eric",https://newspapers.ushmm.org/article/9463,https://newspapers.ushmm.org/manager/article/photo/15969/original,,[24],,34.1083449,-117.2897652,0,0,1,1,0,
9053,News Article,Albuquerque Journal,Albuquerque,New+Mexico,25-Nov-42,A1,"2 Million Jews Slain, Wise Says",Declares Hitler Has Ordered Extermination,AP,Nazi Plan to Kill All Jews Confirmed,Newspapers.com (https://www.newspapers.com),Published,Aimee Shrock,,"I added ""AP"" in the author/byline field. We are so excited to see more newspaper coverage from newspapers from New Mexico. Thank you for your work, Aimee! -Eric",https://newspapers.ushmm.org/article/9053,https://www.newspapers.com/clip/24160399/,,[24],,35.0843859,-106.650422,1,0,0,0,0,
8398,News Article,The East Liverpool Review/The Evening Review,East+Liverpool,Ohio,25-Nov-42,6,"2,000,000 JEWS REPORTED SLAIN",World Leader Bares Hitler 'Extermination Drive',AP,Nazi Plan to Kill All Jews Confirmed,Newspapers.com (https://www.newspapers.com),Published,Carlos Gimeno,,,https://newspapers.ushmm.org/article/8398,https://www.newspapers.com/clip/23757581/,,[24],,40.6186756,-80.5772928,1,0,0,0,0,
8378,News Article,The Wilkes-Barre Record,Wilkes-Barre,Pennsylvania,25-Nov-42,7,Hitler Kills Half of Jews,"Nazis Establish Price on Each Corpse, Dr. Stephen S. Wise Reports",AP,Nazi Plan to Kill All Jews Confirmed,Newspapers.com (https://www.newspapers.com),Published,Carlos Gimeno,"Article on Dr. Stephen S. Wise's November 24,1942 press conference in part on the confirmation by the State Department of the ""Nazi Plan to Kill All Jews.""

 See discussion section of the following History Unfolded entry for more information about the article of the present submission:

 https://newspapers.ushmm.org/article/8328

 (Corpses Priced at 50 Marks, Nazis Use Them to Make Soap; The Whitewright Sun | November 26, 1942 | Texas; Archive Location: https://www.newspapers.com; Page: 1.)",,https://newspapers.ushmm.org/article/8378,https://www.newspapers.com/clip/18019080/,,[24],,41.2459149,-75.8813075,1,1,1,1,1,
8345,News Article,(The) Wilmington Morning News,Wilmington,Delaware,25-Nov-42,14,"2,000,000 European Jews Killed by Hitler, Charge",Dr. Stephen S. Wise Declares Germans Are Buying Corpses of Slain Civilians To Process Into Fats and Fertilizers,AP,Nazi Plan to Kill All Jews Confirmed,Newspapers.com (https://www.newspapers.com),Published,Carlos Gimeno,"Article on Dr. Stephen S. Wise's November 24,1942 press conference in part on the confirmation by the State Department of the ""Nazi Plan to Kill All Jews.""

 See discussion section of the following History Unfolded entry for more information about the article of the present submission:

 https://newspapers.ushmm.org/article/8328

 (Corpses Priced at 50 Marks, Nazis Use Them to Make Soap; The Whitewright Sun | November 26, 1942 | Texas; Archive Location: https://www.newspapers.com; Page: 1.)",,https://newspapers.ushmm.org/article/8345,https://newspapers.ushmm.org/manager/article/photo/15088/original,,[24],,39.744655,-75.5483909,1,1,1,0,0,
8344,News Article,The Oil City Derrick,Oil+City,Pennsylvania,25-Nov-42,1,"Says Nazis Have Slain 2,000,000 Jews in Europe",,AP,Nazi Plan to Kill All Jews Confirmed,Newspapers.com (https://www.newspapers.com),Published,Carlos Gimeno,"Article on Dr. Stephen S. Wise's November 24,1942 press conference in part on the confirmation by the State Department of the ""Nazi Plan to Kill All Jews.""

 See discussion section of the following History Unfolded entry for more information about the article of the present submission:

 https://newspapers.ushmm.org/article/8328

 (Corpses Priced at 50 Marks, Nazis Use Them to Make Soap; The Whitewright Sun | November 26, 1942 | Texas; Archive Location: https://www.newspapers.com; Page: 1.)",,https://newspapers.ushmm.org/article/8344,https://www.newspapers.com/clip/21705106/,,[24],,41.4339484,-79.7064413,0,0,1,0,1,
8330,News Article,Fort Myers News-Press,Fort+Myers,Florida,25-Nov-42,1,"Jews Charge Hitler Buying Corpses for Soap, Fertilizer",,AP,Nazi Plan to Kill All Jews Confirmed,Newspapers.com (https://www.newspapers.com),Published,Carlos Gimeno,"Article on Dr. Stephen S. Wise's November 24,1942 press conference in part on the confirmation by the State Department of the ""Nazi Plan to Kill All Jews.""

See discussion section of the following History Unfolded entry for more information about the article of the present submission:

 https://newspapers.ushmm.org/article/8328

 (Corpses Priced at 50 Marks, Nazis Use Them to Make Soap; The Whitewright Sun | November 26, 1942 | Texas; Archive Location: https://www.newspapers.com; Page: 1.)",,https://newspapers.ushmm.org/article/8330,https://www.newspapers.com/clip/21546855/,,[24],,26.640628,-81.8723084,0,1,1,2,1,
8329,News Article,The Daily Pantagraph/The Pantagraph,Bloomington,Illinois,25-Nov-42,1,Two Million Jews Slain by Hitlerites,"Bodies Being Processed Into Soap, Fertilizer",AP,Nazi Plan to Kill All Jews Confirmed,Newspapers.com (https://www.newspapers.com),Published,Carlos Gimeno,"See discussion section of the following History Unfolded submission for more information about this article:

https://newspapers.ushmm.org/article/8328

(Corpses Priced at 50 Marks, Nazis Use Them to Make Soap; The Whitewright Sun | November 26, 1942 | Texas; Archive Location: https://www.newspapers.com; Page: 1.)",,https://newspapers.ushmm.org/article/8329,https://newspapers.ushmm.org/manager/article/photo/14763/original,,[24],,40.4842027,-88.9936873,0,1,1,0,0,
2572,News Article,Arizona Republic,Phoenix,Arizona,25-Nov-42,1,Fiendish Hitler Plot To Slay All Jews Told,,AP,Nazi Plan to Kill All Jews Confirmed,Newspapers.com (https://www.newspapers.com),Published,Lael Fuller,source: www.newspapers.com/image/117322298,,https://newspapers.ushmm.org/article/2572,https://newspapers.ushmm.org/manager/article/photo/13856/original,,[24],,33.4483771,-112.0740373,0,0,1,2,2,
8328,News Article,The Whitewright Sun,Whitewright,Texas,26-Nov-42,1,"Corpses Priced at 50 Marks, Nazis Use Them to Make Soap",,,Nazi Plan to Kill All Jews Confirmed,Newspapers.com (https://www.newspapers.com),Published,Carlos Gimeno,"A version of this article also appeared in the Dallas Morning News (https://newspapers.ushmm.org/article/2604).  Due to the present article's historical significance, the associated comments below are somewhat lengthy as this article contains much to annotate.

This article reports on information about atrocities against Jews in Europe by Nazi Germany told by sources to Dr. Stephen S. Wise, World Jewish Congress chairman and American Jewish Congress president, and confirmed ""as authentic by the"" State Department.  The article states that Dr. Wise had a ""press conference shortly after he had conferred with State Department officials.""

----------Research Into the Accuracy of Dr. Wise's Information----------

One piece of information communicated to Dr. Wise was that about 2,000,000/4,000,000 Jews in the parts of Europe occupied by the Nazis had been killed.  Another two pieces of information were that (A) in 1942 Hitler ordered the extermination of all of the Jews in Nazi-occupied Europe and (B) that the Nazis were processing the bodies of deceased civilians into ""such war-vital commodities as soap, fats, and fertilizer.""

In regards to the information of (A) above, Hitler authorized the extermination of the Jews in 1941 but the January 20, 1942 Wansee Conference was where the implementation of this plan was discussed [0], so Dr. Wise received reasonably accurate information about Hitler's orders to exterminate the Jews and their implementation.

As to the information of (B), processing of human corpses by Nazis into soap, fats, and fertilizer, the first (soap) seems to have only occurred on a small scale despite rumors to the contrary [1] while there are numerous reports of concentration camp crematorium ashes and/or bones being used for fertilizer, for example in Majdanek [2][5], Birkenau [3], Dachau [7], Neuengamme [5],  Janowska [6], Buchenwald [4][7], and to hide the evidence of crimes [8].

Accordingly, the information Dr. Wise received about the soap production from human corpses seems to be based on rumors circulating at the time and greatly exaggerated while the information on processing of bodies of civilians into fertilizer seems to have significant accuracy.

----------Nazi Reaction----------

The news reported in the present article was published in at least two New York Times articles on November 25, 1942 [10] and November 26, 1942 [11].  In [11] appears a statement that documents from the State Department contained affidavits attributed to ""reliable persons who knew"" of atrocities including producing soap (and also lubricants and fats) from Jewish corpses.

(As a research note, if it hasn't been already done, it would be interesting to find the State Department documents mentioned above to see what the sources of the different pieces of information were and if they add anything to the historical record.)

According to Wikipedia, the news contained in these New York Times reports reached Heinrich Himmler, Reich Leader of the SS and the ""key and senior Nazi official responsible for conceiving and overseeing implementation of the so-called Final Solution, the Nazi plan to murder the Jews of Europe."" [13]

In response to this news, Himmler on November 30, 1942 wrote a letter to Heinrich Muller, chief of the Gestapo and one of the planners and executors of the Holocaust, [14] which reportedly said in part,

""You have guaranteed me that at every site the corpses of these deceased Jews are either burned or buried, and that at no site anything else can happen with the corpses""

Elsewhere in the letter Himmler asks Muller to investigate if ""misuse"" of this policy had occurred, ""misuse"" that can be interpreted to possibly refer to Wise's allegations of soap, lubricant and fat making from Jewish corpses. [15]

This letter has been interpreted to support the notion that in order to enhance the secrecy of the murders of Jews in death camps there was no widespread and industrial production of soap, lubricants, and fats from Jewish corpses.

There is a reported discrepancy in this letter that should be addressed.  The letter refers to Wise's point of view as of September, 1942, a time before he had spoken publicly of these issues.  This discrepancy has been explained as either a mistake in the letter or due to an intelligence interception in September, 1942 of the information that was ultimately communicated to Dr. Wise.  The latter is a viable possibility because the Nazis had cracked a diplomatic code in Switzerland, the source of this information. [15]

----------References and Notes----------

[0] Wannsee Conference and the ""Final Solution;"" https://www.ushmm.org/wlc/en/article.php?ModuleId=10005477

[1] See the discussion in the following History Unfolded submission: https://newspapers.ushmm.org/article/8325

Ultimate Atrocity-Nazis Manufactured Soap From Bodies of Humans; The Pittsburgh Press | July 10, 1945 | Pennsylvania; Archive Location: https://www.newspapers.com; Page: 6.

Additionally, two items from the USHMM collections relevant to this issue are:

A) (Accession Number: 1994.55.6)https://collections.ushmm.org/search/catalog/irn8728
This first item is a bar of soap ""issued to Edmund Graf while imprisoned at Flossenburg.""  The description of this item goes on to state that ""he was told that it had been made from the 'remains of Jewish victims,' but this rumor was not true.""  Note that this soap is stamped ""RIF""

B) (Photograph #48966) https://collections.ushmm.org/search/catalog/pa1168095
This second item is a photo captioned, ""Jewish men in the Hallen displaced persons camp bury bars of soap believed to be made from human fat.""  The original caption written in Yiddish says, ""Bringing for burial the remains of our martyrs--several boxes of RIF soap -- (pure Jewish fat).""  Note that the bar of soap of A) is ""RIF"" soap also.

A Wikipedia article (https://en.wikipedia.org/wiki/Soap_made_from_human_corpses) explains the significance of the ""RIF"" stamp on German soap and starts by mentioning that in Germany during the War there was a fat shortage.  Briefly, this article explains that ""RIF"" means ""National Center for Industrial Fat Provisioning"" and not ""State Jewish Fat,"" the latter which would have the acronym ""RJF"" and could be confused with ""RIF"" due to fonts used at the time.  That ""RIF"" soap was made from Jewish fat was a rumor used to terrify Jews and others to coerce compliance with the Nazi regime [9] but generally accepted to be false.  Items A) and B) above provide examples of how this rumor was spread in concentration camps and its penetration and acceptance at the time.

C) A third item worth mentioning is ""Sam Waagenaar articles"" ( https://collections.ushmm.org/search/catalog/irn514209 ) Accession Number: 1993.A.0098, including one article about "" his experiences with what he believed to be a human soap factory.""  It would be interesting to see if this article refers to Dr. Spanners lab in Danzig, Poland or the soap production facility at the Jasenovac concentration camp or a third less well known facility where production of soap from human corpses may have occurred ([1] above for more information on Dr. Spanner and Jasenovac).

[2] GERMANS TELL OF ATROCITIES AT MAJDANEK; Lead Daily Call | August 30, 1944 | South Dakota; Archive Location: https://www.newspapers.com; Page: 1, Continued on Page 3.
https://newspapers.ushmm.org/article/8327
This article states that at Majdanek crematorium oven ashes were mixed with manure and used to fertilize cabbage patches.

[3] U.S. Verifies Nazi Murder Of Millions; Newspaper: Oakland Tribune; Publication Date: November 26, 1944; Page: A1, A15.
https://newspapers.ushmm.org/article/1154
This article states that at Birkenau crematorium oven ashes were used as fertilizer at the Hermense labor camp.

[4] Eyewitness of the War ""I Saw-"" GERMAN CREMATORIUM; Newspaper: The Minneapolis Morning Tribune; Publication Date: May 24, 1945; Page: 2.
https://newspapers.ushmm.org/article/8122
This article states that Buchenwald crematorium oven ashes were converted into fertilizer for the fields.

[5] Encyclopedia of Cremation; 1 Edition, December 28, 2005; Edited by Douglas J. Davies with Lewis H. Mates; Page 324.
This book states that at Neuengamme and Majdanek crematorium ashes were used as fertilizer for vegetable gardens.

[6] Photo:  https://www.ushmm.org/wlc/en/media_ph.php?ModuleId=0&MediaId=824
""Bone-crushing machine used to grind human bones in order to obtain fertilizer in the Janowska concentration camp. August 1944.""‚Äî US Holocaust Memorial Museum

[7] Nazi Atrocities Bared In Detail In Indictment; The St. Louis Star and Times; (St. Louis, Missouri); 18 Oct 1945, Thu  ‚Ä¢ Page 17.
https://www.newspapers.com/clip/9490150/the_st_louis_star_and_times/
States that at Buchenwald and Dachau ""human bones were crushed for fertilizer.""

[8] TEXT OF NAZI WAR CRIMES INDICTMENT; St. Louis Post-Dispatch; (St. Louis, Missouri); 18 Oct 1945; Thu  ‚Ä¢ Page 20.
https://www.newspapers.com/clip/9490311/st_louis_postdispatch/

[9] For a broader discussion of Nazis using information about the horrors of concentration camps, in the present case that one might be turned into soap if one were sent to such a camp, to strike fear into the general population and promote compliance with the Nazi regime see the discussion in the History Unfolded submission below: 

https://newspapers.ushmm.org/article/8170

Eyewitness of the War ""I Saw-"" THE BONE PILE; Newspaper: The Minneapolis Morning Tribune; Publication Date: June 14, 1945; Byline: Gideon Seymour - Page: 2.

[10] WISE GETS CONFIRMATIONS; Checks With State Department on Nazis' 'Extermination Campaign'; New York Times; Byline: AP; November 25, 1942; Page 10.
https://timesmachine.nytimes.com/timesmachine/1942/11/25/issue.html

[11]  SLAIN POLISH JEWS PUT AT A MILLION; One-third of Number in Whole Country Said to Have Been Put to Death by Nazis ABATTOIR FOR DEPORTEES Mass Electrocutions, Killing by Injection of Air Bubbles Described in Reports; New York Times;  BYLINE: Special Cable to THE NEW YORK TIMES; PUBLISH DATE: November 26, 1942; PAGE NUMBER 16.
https://timesmachine.nytimes.com/timesmachine/1942/11/26/issue.html

[12] See ""World War II"" section: https://en.wikipedia.org/wiki/Soap_made_from_human_corpses

Note that Himmler's letter is dated November 30, 1942 and not November 20,1942 as stated in the Wikipedia article.  See the record: ""Himmler to M√ºller, 30 Nov. 1942, United States National Archives, Record Group 242 (hereafter NA RG 242) Microfilm Series T-175/Roll 58/Frame 2521486"" & https://www.archives.gov/research/guide-fed-records/groups/242.html .  This citation for this letter's record reportedly comes from the article ""Secrecy and the Final Solution"" by Richard Breitman in New Perspectives on the Holocaust: A Guide for Teachers and Scholars, Rochelle L. Millen (ed.), p.70f.

[13] Heinrich Himmler:  https://www.ushmm.org/wlc/en/article.php?ModuleId=10007407

[14] https://en.wikipedia.org/wiki/Heinrich_M%C3%BCller_(Gestapo)

[15] See: ""Secrecy and the Final Solution"" by Richard Breitman in New Perspectives on the Holocaust: A Guide for Teachers and Scholars, Rochelle L. Millen (ed.). Page 70.",,https://newspapers.ushmm.org/article/8328,https://www.newspapers.com/clip/9462251//,,[24],,33.5128856,-96.3924833,0,1,1,2,2,
19376,News Article,The Farmville Enterprise,Farmville,North+Carolina,27-Nov-42,1,Nazis Slaughter Jewish Civilians,Dr. Wise Cites 'Extermination Campaign'; Says Corpses 'Processed',,Nazi Plan to Kill All Jews Confirmed,North Carolina Newspapers (https://www.digitalnc.org/collections/newspapers/),Published,Eric Schmalz,"Link to article: http://newspapers.digitalnc.org/lccn/sn93064750/1942-11-27/ed-1/seq-1/print/image_588x817_from_0,174_to_5105,7267/

Article originally found by George S.",,https://newspapers.ushmm.org/article/19376,https://newspapers.ushmm.org/manager/article/photo/15566/original,,[24],,35.5954381,-77.5852496,1,1,1,2,1,
9892,News Article,The Arkansas Gazette,Little+Rock,Arkansas,25-Nov-42,1,Declares Half of Jews In Europe Slain,,AP,Nazi Plan to Kill All Jews Confirmed,Library of Congress,Published,Lydia Igna,,"Thank you for this new article find, Lydia! -Eric",https://newspapers.ushmm.org/article/9892,https://www.newspapers.com/clip/25108262/,,[24],,34.7464809,-92.2895948,0,0,0,1,0,
10067,News Article,The State/The Columbia State,Columbia,South+Carolina,25-Nov-42,1,"Wise Says 2,000,000 Jews Have Been Slain in Europe",,AP,Nazi Plan to Kill All Jews Confirmed,Newsbank (http://infoweb.newsbank.com/),Published,Makayla Albany,This article is important because this is the weapon Hitler and his troops used to kill Jews.,"Hi Makayla. You are looking on the right page for the relevant article. The article you cited, ""Hitler's Secret Weapon Out; It's A Machinegun"" does not directly make reference to the Final Solution. However, there is another article on that page with the headline ""Wise Says 2,000,000 Jews Have Been Slain in Europe"". So I decided to change the headline to that and approve your article. Thank you for your valuable work! -Eric",https://newspapers.ushmm.org/article/10067,https://www.newspapers.com/clip/25108195/,,[99],,34.0007104,-81.0348144,1,0,0,0,0,
10201,News Article,The Atlanta Constitution,Atlanta,Georgia,25-Nov-42,20,2 Million Jews Reported Slain in Nazi Europe,Hitler Reclaiming Bodies in 'Extermination Campaign',AP,Nazi Plan to Kill All Jews Confirmed,Proquest.com,Published,Porter Markel,,,https://newspapers.ushmm.org/article/10201,https://www.newspapers.com/clip/25108097/,,[99],,33.7489954,-84.3879824,0,0,1,0,0,
12380,News Article,The Charlotte Observer,Charlotte,North+Carolina,25-Nov-42,3,Terrible Toil of Jews Seen,Dr. Stephen Wise Says Nazis In Extermination Campaign Have Killed 2 Million ,AP,Nazi Plan to Kill All Jews Confirmed,Newsbank (http://infoweb.newsbank.com/),Published,Rebecca Walker,,"""AP"" is the byline here, since the Charlotte Observer picked up the story from the Associated Press. Here is a post about how to find and record bylines: https://newspapers.ushmm.org/blog/2017/09/12/what-exactly-are-bylines/  You are the first person to upload this article, Rebecca. Great work! -Eric",https://newspapers.ushmm.org/article/12380,https://www.newspapers.com/clip/38981750/,,[99],,35.2270869,-80.8431267,1,0,0,2,2,
12429,News Article,The Providence Journal,Providence,Rhode+Island,25-Nov-42,1,Wise Claims Two Million Jews Killed By Germans,Rabbi Says Reports on Extermination Drive Have Been Confirmed by State Department; Poles in London Make Similar Charges ,AP,Nazi Plan to Kill All Jews Confirmed,Library of Congress,Published,David Laks,,"David,

Thanks for joining us to research these topics. This is a great find. Keep up the great work, and thanks again.

/David",https://newspapers.ushmm.org/article/12429,http://www.newspapers.com?product=newscomwc/image/85188319,,[99],,41.8239891,-71.4128343,1,0,1,0,0,
12550,News Article,San Antonio Express,San+Antonio,Texas,25-Nov-42,9,"Hitler Orders Jews Massacred In Areas He Holds, Rabbi Says ",,AP,Nazi Plan to Kill All Jews Confirmed,Newsbank (http://infoweb.newsbank.com/),Published,Olivia MacPhail,,"Thank you for your work, Olivia! -Eric",https://newspapers.ushmm.org/article/12550,https://newspapers.ushmm.org/manager/article/photo/17671/original,,[99],SPECIAL,29.4241219,-98.4936282,1,0,1,2,1,
14608,News Article,Harrisonburg Daily News-Record/Harrisonburg Daily News Record,Harrisonburg,Virginia,25-Nov-42,1,"Dr. Stephen Wise Has Reports 2,000,000 Jews Slain in Europe",,AP,Nazi Plan to Kill All Jews Confirmed,Alexander Mack Memorial Library (Bridgewater College),Published,Caitlyn Miller,"This article tells a local community about the horrific actions Nazis took against the Jews for probably one of the first times. At this point, it is clear that the Nazis plan to exterminate the Jews and now the American public is aware of this.","Sadly, Nazis had been persecuted Jews in controlled areas since they came to power in 1933 (and in some cases, even before then.) Great job completing the fields. This PDF with the multiple pages works very well for us. Keep up the excellent work, Caitlyn! -Eric",https://newspapers.ushmm.org/article/14608,https://newspapers.ushmm.org/manager/article/photo/20814/original,,[99],,38.4495688,-78.8689155,1,0,0,0,0,
14936,News Article,Grand Rapids Herald,Grand+Rapids+,Michigan,25-Nov-42,1,Reports Hitler Has Ordered All Jews Liquidated ,,AP,Nazi Plan to Kill All Jews Confirmed,Grand Rapids Public Library,Published,Austin Mazur,This article (bottom middle of the page) discussed how Hitler had killed 2 million of the total 4 million Jews that were in Nazi occupied Europe.,"Good job. We also have this submission from a different citizen historian. Perhaps you can check the pre-existing research from these newspapers and find a topic where students have not submitted anything, as there is relatively little from these newspapers uploaded to the database. -Eric",https://newspapers.ushmm.org/article/14936,https://newspapers.ushmm.org/manager/article/photo/23199/original,,[99],,42.9633599,-85.6680863,0,0,1,2,1,
19594,News Article,The Boston Post,Boston,Massachusetts,25-Nov-42,6,2 Million Jews Slain by Hitler,"Figures Confirmed by U.S., Declares Rabbi Wise",AP,Nazi Plan to Kill All Jews Confirmed,State Library of Massachusetts,Published,Abigail Collins,,"Abby, this is a great entry! I'm so excited that you were able to look at the Boston Post. Do you have a scan of the top of this page? I just need to verify the newspaper name and page number. You can email me the image if you have one. Once I have that, I will verify the data. Are you up for doing more research on this newspaper? I'm sorry it's taken me a while to get to reviewing your work. -Eric

[Eric approved the article on 10.11.18 after receiving an email from Abby.]",https://newspapers.ushmm.org/article/19594,https://www.newspapers.com/clip/61821123/,,[99],,42.3600825,-71.0588801,1,0,1,0,0,
22170,News Article,Michigan State News,East+Lansing,Michigan,25-Nov-42,3,Says Jews Slaughtered,,AP,Nazi Plan to Kill All Jews Confirmed,Michigan State University Libraries (https://lib.msu.edu/),Published,Margaret Lincoln,"Although other war-related headline news (e.g.,African Second Front Spreads All Over Tunisia) were included on this p. 3 of the Michigan State News (the newspaper serving MSU students), it was interesting to note the juxtaposition of other advertisements. For example, there is a ""Save Wires for War"" notice urging students not to telephone home on Thanksgiving Day unless urgent  because 'War loaded long distance lines cannot carry the usual flood of social calls this Thanksgiving.'","I noticed that bulletin announcement as well, and thought to myself, how many people today would limit their phone use for the collective good of the society? This is a good new find for us, Gigi. Thanks for sending it along! -Eric",https://newspapers.ushmm.org/article/22170,,,[99],,42.7369792,-84.4838654,0,0,0,2,0,
26675,News Article,The Richmond Times-Dispatch/The Times Dispatch,Richmond,Virginia,25-Nov-42,4,"Slaying of Jews Is Mounting, Leader Says",Half Said Killed In Nazi Europe,AP,Nazi Plan to Kill All Jews Confirmed,Library of Congress,Published,Taylor Horst,,"Great find for the database and possible use of the traveling exhibition, Taylor! -Eric",https://newspapers.ushmm.org/article/26675,,,[99],,37.5407246,-77.4360481,1,0,0,2,0,
27901,News Article,Seattle Post-Intelligencer,Seattle,Washington,25-Nov-42,2,Big Slaughter Of Jews Told,,AP,Nazi Plan to Kill All Jews Confirmed,University of Washington,Published,Patricia Pawelak-Kort,,,https://newspapers.ushmm.org/article/27901,,,[99],,47.6062095,-122.3320708,0,0,0,2,2,
29693,News Article,The Baltimore Sun,Baltimore,Maryland,25-Nov-42,3,Jewish Extermination Drive Laid to Hitler By Dr. Wise,"Half of Estimated 4,000,000 in Nazi-Occupied Lands Already Slain, Says Rabbi",AP,Nazi Plan to Kill All Jews Confirmed,ProQuest Historical Newspapers (www.proquest.com),Published,Alison Yankou,https://search.proquest.com/hnpbaltimoresun/docview/542980840/fulltextPDF/8122F882D4C24166PQ/2?accountid=12164,,https://newspapers.ushmm.org/article/29693,,,[99],blurry,39.2903848,-76.6121893,1,0,1,2,0,
30087,News Article,The Daily Iowan,Iowa+City,Iowa,25-Nov-42,1,Reports Half of Jews in German-Occupied Europe Slain in 'Extermination Campaign',,AP,Nazi Plan to Kill All Jews Confirmed,The Daily Iowan Archives (http://dailyiowan.lib.uiowa.edu/index.php),Published,John Greenwood,"This is relevant because it is the from what I amassed, one of the first if not the first acknowledgement of ongoing Jewish extermination within Europe by the Nazis, and yet it is not the number one headline or doesn't receive even a half page of coverage.

Link to article: http://dailyiowan.lib.uiowa.edu/DI/1942/di1942-11-25.pdf","I like how you are thinking about the implications of article placement and prominence. I find it noteworthy that some newspapers I've reviewed so far printed this story on an interior page, and other newspapers appeared to not report on the story at all. Eventually, scholars and students using the larger History Unfolded dataset will be able to compare the nature of how a larger number of newspapers did or did not report on the topic. Great work as usual, John! -Eric

",https://newspapers.ushmm.org/article/30087,,,[99],,41.6611277,-91.5301683,0,0,0,1,0,
34505,News Article,The Rutland Daily Herald/The Rutland Herald,Rutland,Vermont,25-Nov-42,3,"Dr. Wise Says 2,000,000 Jews Slain in Hitler-Ruled Europe",,AP,Nazi Plan to Kill All Jews Confirmed,Newspapers.com (https://www.newspapers.com),Published,Judith Haran,,"Hello Judith, thank you for these two ""gold standard"" articles! I approved your latest two submissions from the Rutland Herald. Looking forward to your next finds. ‚ÄìNadia",https://newspapers.ushmm.org/article/34505,,,[99],,43.6106237,-72.9726065,1,0,0,0,0,
48584,News Article,The Birmingham Age-Herald,Birmingham,Alabama,25-Nov-42,2,Slaughter of Jews Reported,Dr. Stephen Wise Says Half Of Race Killed In Nazi Europe,AP,Nazi Plan to Kill All Jews Confirmed,Birmingham Public Library and Archives,Published,Emma Herr,,,https://newspapers.ushmm.org/article/48584,,,[99],,33.5185892,-86.8103567,1,0,0,2,0,
49228,News Article,Millville Daily Republican,Millville,New+Jersey,25-Nov-42,1,"2,000,000 Jews Slain",,AP,Nazi Plan to Kill All Jews Confirmed,New York Public Library,Published,Sandra Auerbach,,,https://newspapers.ushmm.org/article/49228,,,[99],,39.4020596,-75.0393438,0,0,0,0,0,
49229,News Article,The Morning Call/The Allentown Morning Call,Allentown,Pennsylvania,25-Nov-42,7,"Half of the Jews In Europe Slain, Dr. Wise Claims",World Jewish Congress Head Says Their Extermination Ordered by Hitler,AP,Nazi Plan to Kill All Jews Confirmed,New York Public Library,Published,Sandra Auerbach,,,https://newspapers.ushmm.org/article/49229,,,[99]d,,40.6022939,-75.4714098,1,0,0,1,0,
2,News Article,The Knoxville Journal,Knoxville,Tennessee,25-Nov-42,9,"Two Million Jews Slain by Nazis, Says Dr. Wise",,AP,Nazi Plan to Kill All Jews Confirmed,,,Joel Lee,,,,https://www.newspapers.com/image/586887697/?terms=chairman%20of%20the%20World%20Jewish%20Congress&match=1,,,,35.9606384,-83.9207392,1,0,1,0,0,
4,News Article,The News and Observer,Raleigh,North+Carolina,25-Nov-42,1,Nazis Slaughter Jewish Civilians,Dr. Wise Cites 'Extermination Campaign'; Says Corpses 'Processed',AP,Nazi Plan to Kill All Jews Confirmed,,,Joel Lee,,,,https://www.newspapers.com/image/651744728/?terms=chairman%20of%20the%20World%20Jewish%20Congress&match=1,,,,35.7795897,-78.6381787,1,1,1,2,1,
5,News Article,The Post-Star,Glens+Falls,New+York,25-Nov-42,1,"Half of 4 Million Jews in Europe Slain by Nazis, Dr. Wise Charges",,AP,Nazi Plan to Kill All Jews Confirmed,,,Joel Lee,,,,https://www.newspapers.com/image/477319703/?terms=chairman%20of%20the%20World%20Jewish%20Congress&match=1,,,,43.3095164,-73.6440058,1,0,1,1,0,
6,News Article,The Bristol Herald Courier,Bristol,Tennessee,25-Nov-42,1,Nazis Have Slain Half of Jews in Occupied Europe,,AP,Nazi Plan to Kill All Jews Confirmed,,,Joel Lee,,,,https://www.newspapers.com/image/585024258/?terms=chairman%20of%20the%20World%20Jewish%20Congress&match=1,,,,36.5951059,-82.1887444,0,0,1,1,1,
7,News Article,The Morning Call,Paterson,New+Jersey,25-Nov-42,2,"Dr. Wise Avers 2,000,000 Jews Slain By Nazis",Says Corpses Processed Into Soap Fats and Fertilizer,AP,Nazi Plan to Kill All Jews Confirmed,,,Joel Lee,,,,https://www.newspapers.com/image/553007105/?terms=chairman%20of%20the%20World%20Jewish%20Congress&match=1,,,,40.9167654,-74.171811,1,1,1,0,0,
9,News Article,Fort Worth Star-Telegram,Fort+Worth,Texas,25-Nov-42,3,Mass Murder of Jews 'Bared',"Jewish Congress President Reveals 'Extermination' of 2,000,000 Nazis.",AP,Nazi Plan to Kill All Jews Confirmed,,,Joel Lee,,,,https://www.newspapers.com/image/639224331/?terms=chairman%20of%20the%20World%20Jewish%20Congress&match=1,,,,32.7554883,-97.3307658,1,0,0,2,0,
10,News Article,The Tribune,Scranton,Pennsylvania,25-Nov-42,2,Wise Reports Hitler Orders All Jews Slain,Approximately Half Already Killed in Nazi-Occupied Lands,AP,Nazi Plan to Kill All Jews Confirmed,,,Joel Lee,,,,https://www.newspapers.com/image/530114766/?terms=chairman%20of%20the%20World%20Jewish%20Congress&match=1,,,verbal shelling,41.408969,-75.6624122,1,0,1,2,1,
11,News Article,St. Joseph Gazette,St.+Joseph,Missouri,25-Nov-42,1,Half of Jews in Nazi Areas Exterminated,Dr. Stephen S. Wise Tells of Murder Campaign,AP,Nazi Plan to Kill All Jews Confirmed,,,Joel Lee,,,,https://www.newspapers.com/image/560777283/?terms=chairman%20of%20the%20World%20Jewish%20Congress&match=1,,,,39.7674578,-94.846681,1,0,1,1,0,
12,News Article,The Lexington Herald,Lexington,Kentucky,25-Nov-42,1,"Says 2,000,000 Jews Slain in Europe",,AP,Nazi Plan to Kill All Jews Confirmed,,,Joel Lee,,,,https://www.newspapers.com/image/681495660/?terms=chairman%20of%20the%20World%20Jewish%20Congress&match=1,,,,38.0405837,-84.5037164,0,0,0,0,0,
13,News Article,Intelligencer Journal,Lancaster,Pennsylvania,25-Nov-42,7,Reports 2 Million Jews Executed,"Dr. Wise Says Germans Are Waging ""Extermination Campaign"" In Occupied Europe",AP,Nazi Plan to Kill All Jews Confirmed,,,Joel Lee,,,,https://www.newspapers.com/image/557218902/?terms=chairman%20of%20the%20World%20Jewish%20Congress&match=1,,,,40.0378755,-76.3055144,1,0,0,0,0,
14,News Article,The Missoulian,Missoula,Montana,25-Nov-42,1,"Report Half of European Jews ""Exterminated""",,AP,Nazi Plan to Kill All Jews Confirmed,,,Joel Lee,,,,https://www.newspapers.com/image/349341338/?terms=chairman%20of%20the%20World%20Jewish%20Congress&match=1,,,,46.8721284,-113.9940314,0,0,0,1,0,
15,News Article,St. Louis Globe-Democrat,St.+Louis,Missouri,25-Nov-42,1,Two Million Jews Slain in German Reign of Terror,,AP,Nazi Plan to Kill All Jews Confirmed,,,Joel Lee,,,,https://www.newspapers.com/image/573407911/?terms=chairman%20of%20the%20World%20Jewish%20Congress&match=1,,,,38.6270025,-90.1994042,0,0,1,0,0,
17,News Article,The Tampa Tribune,Tampa,Florida,25-Nov-42,1,"Half Europe's 4,000,000 Jews Reported Slain",Nazis Accused of Extermination Drive,AP,Nazi Plan to Kill All Jews Confirmed,,,Joel Lee,,,,https://www.newspapers.com/image/328128830/?terms=chairman%20of%20the%20World%20Jewish%20Congress&match=1,,,,27.950575,-82.4571776,0,0,0,1,0,
19,News Article,The Springfield News-Leader,Springfield,Missouri,25-Nov-42,14,Dr. Wise Claims Nazis Have Slain 2 Million Jews,World Jewish Leader Asserts State Department Has Confirmed Source of 'Extermination' Reports,AP,Nazi Plan to Kill All Jews Confirmed,,,Joel Lee,,,,https://www.newspapers.com/image/672185807/?terms=chairman%20of%20the%20World%20Jewish%20Congress&match=1,,,,37.2089572,-93.2922989,1,0,1,0,1,
20,News Article,Pittsburgh Post-Gazette,Pittsburgh,Pennsylvania,25-Nov-42,2,"2,000,000 Slain",,AP,Nazi Plan to Kill All Jews Confirmed,,,Joel Lee,,,,https://www.newspapers.com/image/90068479/?terms=chairman%20of%20the%20World%20Jewish%20Congress&match=1,,,,40.4406248,-79.9958864,0,0,0,0,0,
21,News Article,Chicago Tribune,Chicago,Illinois,25-Nov-42,4,"2 Million Jews Slain by Nazis, Dr. Wise Avers",Extermination of All in 1942 Held Hitler Aim,AP,Nazi Plan to Kill All Jews Confirmed,,,Joel Lee,,,,https://www.newspapers.com/image/371170765/?terms=chairman%20of%20the%20World%20Jewish%20Congress&match=1,,,,41.8781136,-87.6297982,1,0,1,0,0,
23,News Article,The Times,Shreveport,Louisiana,25-Nov-42,20,Hitler Asks All Jews in Europe Slain,"Dr. Wise Says Half of Estimated 4,000,000 Already Killed",AP,Nazi Plan to Kill All Jews Confirmed,,,Joel Lee,,,,https://www.newspapers.com/image/210556097/?terms=chairman%20of%20the%20World%20Jewish%20Congress&match=1,,,,32.5251516,-93.7501789,1,0,1,2,1,
24,News Article,The Des Moines Register,Des+Moines,Iowa,25-Nov-42,1,One-Half of Europe's Jews Slain: Dr. Wise,,AP,Nazi Plan to Kill All Jews Confirmed,,,Joel Lee,,,,https://www.newspapers.com/image/128451391/?terms=chairman%20of%20the%20World%20Jewish%20Congress&match=1,,,,41.5868353,-93.6249593,1,0,0,1,0,
26,News Article,Las Cruces Sun-News,Las+Cruces,New+Mexico,25-Nov-42,1,Hitler Killing Jews and Making Soap of Bodies,,AP,Nazi Plan to Kill All Jews Confirmed,,,Joel Lee,,,,https://www.newspapers.com/image/28404942/?terms=chairman%20of%20the%20World%20Jewish%20Congress&match=1,,,,32.3199396,-106.7636538,0,0,1,2,1,
30,News Article,The Commercial Appeal,Memphis,Tennessee,25-Nov-42,21,Jews Massacred,,AP,Nazi Plan to Kill All Jews Confirmed,,,Joel Lee,,,,https://www.newspapers.com/image/769235691/?terms=chairman%20of%20the%20World%20Jewish%20Congress&match=1,,,,35.1495343,-90.0489801,0,0,0,2,0,
31,News Article,"The Morning Herald (Uniontown, Pennsylvania)",Uniontown,Pennsylvania,25-Nov-42,1,Late News Bulletins,,AP,Nazi Plan to Kill All Jews Confirmed,,,Joel Lee,,,,https://www.newspapers.com/image/63763835/?terms=chairman%20of%20the%20World%20Jewish%20Congress&match=1,,,,39.900076,-79.7164326,0,0,0,2,2,
32,News Article,The Tipton Daily Tribune,Tipton,Indiana,25-Nov-42,4,Many Jews Slain,,AP,Nazi Plan to Kill All Jews Confirmed,,,Joel Lee,,,,https://www.newspapers.com/image/669524/?terms=chairman%20of%20the%20World%20Jewish%20Congress&match=1,,,,40.2822598,-86.041098,0,0,0,1,0,
33,News Article,Florence Morning News,Florence,South+Carolina,25-Nov-42,1,Did You Ever Stop To Think?,,AP,Nazi Plan to Kill All Jews Confirmed,,,Joel Lee,,,,https://www.newspapers.com/image/67250202/?terms=chairman%20of%20the%20World%20Jewish%20Congress&match=1,,,,34.1954331,-79.7625625,0,0,0,2,2,
34,News Article,Morning Examiner,Bartlesville,Oklahoma,25-Nov-42,6,2 Million Jews Slain,,AP,Nazi Plan to Kill All Jews Confirmed,,,Joel Lee,,,,https://www.newspapers.com/image/742952183/?terms=chairman%20of%20the%20World%20Jewish%20Congress&match=1,,,,36.7473114,-95.9808179,0,0,0,0,0,
35,News Article,The Seattle Star,Seattle,Washington,25-Nov-42,2,Nazis Pay 50 Marks For Corpses of Jews,,AP,Nazi Plan to Kill All Jews Confirmed,,,Joel Lee,,,,https://www.newspapers.com/image/773555980/?terms=chairman%20of%20the%20World%20Jewish%20Congress&match=1,,,,47.6062095,-122.3320708,0,0,1,2,1,
36,News Article,San Angelo Standard-Times,San+Angelo,Texas,25-Nov-42,10,"2,000,000 Jews Slain",,AP,Nazi Plan to Kill All Jews Confirmed,,,Joel Lee,,,,https://www.newspapers.com/image/781436564/?terms=chairman%20of%20the%20World%20Jewish%20Congress&match=1,,,,31.4637723,-100.4370375,0,0,0,0,0,
38,News Article,Asheville Citizen-Times,Asheville,North+Carolina,25-Nov-42,18,"Nazis Planning Extermination of Jews, Claim",,AP,Nazi Plan to Kill All Jews Confirmed,,,Joel Lee,,,,https://www.newspapers.com/image/196225956/?terms=chairman%20of%20the%20World%20Jewish%20Congress&match=1,,,,35.5950581,-82.5514869,0,0,1,2,1,
39,News Article,Statesville Record and Landmark,Statesville,North+Carolina,25-Nov-42,4,Half of Jews In Europe Killed By The Germans,,AP,Nazi Plan to Kill All Jews Confirmed,,,Joel Lee,,,,https://www.newspapers.com/image/4082532/?terms=chairman%20of%20the%20World%20Jewish%20Congress&match=1,,,,35.7846045,-80.8883072,0,0,1,1,0,
41,News Article,The Messenger,Madisonville,Kentucky,25-Nov-42,1,"Hitler, Exterminating Jews, Processes Bodies For Fats",,AP,Nazi Plan to Kill All Jews Confirmed,,,Joel Lee,,,,https://www.newspapers.com/image/529830163/?terms=chairman%20of%20the%20World%20Jewish%20Congress&match=1,,,,37.3281005,-87.4988882,0,1,1,2,1,
42,News Article,Evansville Courier and Press,Evansville,Indiana,25-Nov-42,9,"2,000,000 Jews Slain By Nazis in Occupied Europe","All 4,000,000 Ordered Killed in 1942, U.S. Leader Hears",AP,Nazi Plan to Kill All Jews Confirmed,,,Joel Lee,,,,https://www.newspapers.com/image/760139663/?terms=chairman%20of%20the%20World%20Jewish%20Congress&match=1,,,,37.9715592,-87.5710898,0,0,1,0,0,
43,News Article,The Cumberland News,Cumberland,Maryland,25-Nov-42,1,Hitler Reported As Ordering All Jews To Be Slain,"Dr. Stephen Wise Says 2,000,000 Have Already Been Killed",AP,Nazi Plan to Kill All Jews Confirmed,,,Joel Lee,,,,https://www.newspapers.com/image/65507201/?terms=chairman%20of%20the%20World%20Jewish%20Congress&match=1,,,,39.6528654,-78.7625185,1,0,1,2,1,
45,News Article,The Eagle,Bryan,Texas,25-Nov-42,1,"Claim Nazis Slay Close To 2,000,000 Jews",,AP,Nazi Plan to Kill All Jews Confirmed,,,Joel Lee,,,,https://www.newspapers.com/image/85901052/?terms=chairman%20of%20the%20World%20Jewish%20Congress&match=1,,,,30.6743643,-96.3699632,0,0,1,0,1,[2-11]