Id,Article Type,Newspaper,City,State,Publication Date,Page,Headline,Sub Headline,Byline,Event,Location of research,Status,Contributor,User Comments,CM Comments,Page URL,Download File,Unnamed: 18,Missing,Other,Latitude,Longitude,Unnamed: 23,Wise,Discussion
47099,News Article,The Jackson Sun,Jackson,Tennessee,25-Nov-42,1,Discuss Hitler Drive To Kill Half Of Jews,Committee Of Leading Jewish Groups Hear Doctor Wise,AP,Nazi Plan to Kill All Jews Confirmed,Newspapers.com (https://www.newspapers.com),Published,Katherine Vaughan,"Front page below the fold, day after Rabbi Wise's press conference.",,https://newspapers.ushmm.org/article/47099,,,"[7,8,9]","[1,1]",35.6145169,-88.8139469,,1,1
47016,News Article,Port Huron Times-Herald/The Times Herald,Port+Huron,Michigan,25-Nov-42,3,Nazis Killing Europe's Jews,"To Complete Extermination This Year, FDR Hears",AP,Nazi Plan to Kill All Jews Confirmed,Newspapers.com (https://www.newspapers.com),Published,Sarah Biddick,,"Hi Sarah,

Awesome work! I have approved 4 out of 7 your submissions from Thursday, May 13th through Friday, May 14th. Thank you for bringing us 4 brand new articles for the Nazi Plan to Kill All Jews Confirmed event module!

Please see my comments on the 3 articles I could not approve for the reason why.

I'm excited to see what new articles you will bring us next!

- Samantha",https://newspapers.ushmm.org/article/47016,,,[7],"[0,0]",42.9708634,-82.4249142,,0,0
47015,News Article,The Bradenton Herald,Bradenton,Florida,25-Nov-42,8,"Nazis Plan To Kill All Jews, Report Reveals",Two Million Said Already Slaughtered Under Hitler's Orders,AP,Nazi Plan to Kill All Jews Confirmed,Newspapers.com (https://www.newspapers.com),Published,Sarah Biddick,,,https://newspapers.ushmm.org/article/47015,,,[0],"[0,0]",27.4989278,-82.5748194,,0,0
47014,News Article,Miami Daily News/The Miami News,Miami,Florida,25-Nov-42,A3,"Hitler Plan To Exterminate All Jews Confirmed, Says Leader",,AP,Nazi Plan to Kill All Jews Confirmed,Newspapers.com (https://www.newspapers.com),Published,Sarah Biddick,,,https://newspapers.ushmm.org/article/47014,,,"[6,7,9]","[1,1]",25.7616798,-80.1917902,,0,0
46233,News Article,The Herald-Press,Saint+Joseph,Michigan,25-Nov-42,7,Wise Reveals Nazi Plan To Kill All Jews,Estimates Half of Jewish Population In Europe Murdered,AP,Nazi Plan to Kill All Jews Confirmed,Newspapers.com (https://www.newspapers.com),Published,Margaret Lincoln,,,https://newspapers.ushmm.org/article/46233,,,[0],"[0,0]",42.0938577,-86.4895463,,1,0
45994,News Article,The Dothan Eagle,Dothan,Alabama,25-Nov-42,5,"Jews To Hear Report On ""Extermination""",,AP,Nazi Plan to Kill All Jews Confirmed,Newspapers.com (https://www.newspapers.com),Published,Sandy Kusselson,"Not on page 1; buried inside the paper. In 1942, this was the day before Thanksgiving. Who's reading the inside of a newspaper on the day before Thanksgiving?",Much of the reporting coming out of Nazi Germany was buried inside the newspaper. You make a good point. -Edie,https://newspapers.ushmm.org/article/45994,,,[7],"[1,0]",31.2232313,-85.3904888,,0,1
44242,News Article,Brattleboro Daily Reformer,Brattleboro,Vermont,25-Nov-42,6,SAYS NAZIS AIM TO EXTERMINATE JEWS,Dr. Wise Reports Plan to Wipe Rest Out This Year,AP,Nazi Plan to Kill All Jews Confirmed,Newspapers.com (https://www.newspapers.com),Published,Sandy Kusselson,https://www.newspapers.com/image/548658910/?terms=plan%20to%20kill%20jews&match=1,,https://newspapers.ushmm.org/article/44242,,,"[7,8,9]","[1,1]",42.8509152,-72.5578678,,1,0
44229,News Article,The Racine Journal-Times,Racine,Wisconsin,25-Nov-42,5,Will Expose Nazi Plan To Kill European Jews,,AP,Nazi Plan to Kill All Jews Confirmed,Newspapers.com (https://www.newspapers.com),Published,Sandy Kusselson,"Article is at bottom of 1st column to top of 2nd column.
https://www.newspapers.com/image/334266954/?terms=plan%20to%20kill%20jews&match=1",,https://newspapers.ushmm.org/article/44229,,,"[3,4,5,6,7,8,9]","[1,1]",42.7261309,-87.7828523,,0,0
40934,News Article,Iowa City Press-Citizen,Iowa+City,Iowa,25-Nov-42,3,To Relate Details of Anti-Jew Campaign,Dr. Stephen S. Wise Claims Proof of Nazi Plan to Exterminate All of Race,AP,Nazi Plan to Kill All Jews Confirmed,Newspapers.com (https://www.newspapers.com),Published,colton kinnison,This article just states the number of the Jews who have been exterminated and arrested in house-to-house manhunts. This article provides information to the American public on the events taking place in Europe.,"Colton,

This is a great article! I added the direct link to the clipping, but otherwise, everything looked wonderful! Keep up the good work.

- Michelle",https://newspapers.ushmm.org/article/40934,https://www.newspapers.com/image/363604110/,,"[7,8,9]","[1,1]",41.6611277,-91.5301683,,1,1
40901,News Article,The Davenport Democrat and Leader/The Quad-City Times,Davenport,Iowa,25-Nov-42,4,Details of Plan to Exterminate All Jews In Nazi-Occupied Europe Told U.S. Group,,AP,Nazi Plan to Kill All Jews Confirmed,Newspapers.com (https://www.newspapers.com),Published,colton kinnison,"The number of Jews killed in German occupied territory which was half a million and out of 500,000 Jews that resided in Warsaw only 100,000 were still alive.","Hi Colton, 

Thank you for submitting to History Unfolded. This article definitely fits into the event module. We actually have approved this article already. We would love to get new research. Please go to ""Menu"" and ""Explore User Research"" and search by newspaper name to see what we already have in the database before submitting in the future. The rest of your submission data looks great. We hope you'll submit again soon. ~Wendy",https://newspapers.ushmm.org/article/40901,,,"[7,8,9]","[1,1]",41.5236437,-90.5776367,,0,0
40475,News Article,Appleton Post-Crescent,Appleton,Wisconsin,25-Nov-42,1,Outlines Details of Alleged Plan To Exterminate Jews in Europe,,AP,Nazi Plan to Kill All Jews Confirmed,Newspapers.com (https://www.newspapers.com),Published,Ila Jones,The main form of killing hypothesized was injecting air bubbles into the veins by doctors not gassing.,"Hello Ila, thank you for your Appleton Post-Crescent submissions during the Sprint last week, they're all great new additions to the collection! I just edited your sub-headline fields: when there is more than one sub-headline, we usually only enter the first one in the designated field and the others in the User Comments field, so as not to crowd the sub-headline field (I edited your submissions accordingly). Thank you for your great work, we look forward to other finds from you! ‚ÄìNadia",https://newspapers.ushmm.org/article/40475,,,"[8,9]","[1,1]",44.2619309,-88.4153847,,0,0
40440,News Article,Rock Island Argus,Rock+Island,Illinois,25-Nov-42,2,"SAYS 2,000,000 JEWS EXECUTED","Race Extinction in Europe Ordered by Hitler, Wise Charges",AP,Nazi Plan to Kill All Jews Confirmed,Newspapers.com (https://www.newspapers.com),Published,Sandy Kusselson,,,https://newspapers.ushmm.org/article/40440,,,"[6,7,8,9]","[1,1]",41.5094771,-90.5787476,,1,0
39997,News Article,The Austin Statesman/The Austin American-Statesman,Austin,Texas,25-Nov-42,11,Rabbi Charges Nazi MD's Following Hitler Command To Exterminate All Jews,,AP,Nazi Plan to Kill All Jews Confirmed,Newspapers.com (https://www.newspapers.com),Published,Mary Allred,,,https://newspapers.ushmm.org/article/39997,,,"[6,7,8,9]","[1,1]",30.267153,-97.7430608,,1,0
39811,News Article,The Huntsville Times,Huntsville,Alabama,25-Nov-42,1,Plan to Kill All Jews Is Revealed,Utter Extermination Before Close Of 1942 Said Hitler Purpose,AP,Nazi Plan to Kill All Jews Confirmed,Newspapers.com (https://www.newspapers.com),Published,Josie Cotton,,,https://newspapers.ushmm.org/article/39811,,,"[7,8,9]","[1,0]",34.7303688,-86.5861037,,0,0
39759,News Article,The Santa Fe New Mexican,Santa+Fe,New+Mexico,25-Nov-42,8,Nazis Slaughtering Jews; Inject Air Bubbles in Veins,,AP,Nazi Plan to Kill All Jews Confirmed,Newspapers.com (https://www.newspapers.com),Published,Deborah Hirshfield,"It is striking how little is reported on this topic given the amount of sympathy and coverage was given to the attacks in 1938.  My observation is that the paper is focusing primarily on 2 news topics at this time.  

First - there is considerable coverage of the war itself.  There is a great deal of focus on specific attacks, battles etc.

Second - domestically - there is coverage of rationing and political infighting over government control of the economy

There remains the usual coverage of society events, sports etc.",,https://newspapers.ushmm.org/article/39759,,,"[6,7,8,9]","[1,1]",35.6869752,-105.937799,,0,0
39589,News Article,The State Journal/Lansing State Journal,Lansing,Michigan,25-Nov-42,1,New Nazi Purge Aimed At Jews,Hitler Orders All Members of Race in Europe to Be Killed This Year,AP,Nazi Plan to Kill All Jews Confirmed,Newspapers.com (https://www.newspapers.com),Published,Margaret Lincoln,The article points to details of a campaign to exterminate all Jews in Nazi-occupied Europe by the end of the year and mentions that the story had reportedly been confirmed by the State Department and a personal representative of President Roosevelt.,,https://newspapers.ushmm.org/article/39589,,,"[7,8,9]","[0,0]",42.732535,-84.5555347,,0,0
39132,News Article,The Decatur Daily,Decatur,Alabama,25-Nov-42,1,Nazis Accused of Backing Plan To Exterminate Jews In Europe,,AP,Nazi Plan to Kill All Jews Confirmed,Newspapers.com (https://www.newspapers.com),Published,Amy Priborsky,,,https://newspapers.ushmm.org/article/39132,,,[7],"[1,0]",34.6059253,-86.9833417,,0,0
37650,News Article,Spokane Daily Chronicle,Spokane,Washington,25-Nov-42,11,Jews To Hear Of German Drive,,AP,Nazi Plan to Kill All Jews Confirmed,Newspapers.com (https://www.newspapers.com),Published,Patricia Pawelak-Kort,,,https://newspapers.ushmm.org/article/37650,,,"[7,8,9]","[1,1]",47.6587802,-117.4260465,,0,1
35855,News Article,Fort Worth Star-Telegram,Fort+Worth,Texas,25-Nov-42,5,US Jews Study Hitler Plan to Wipe Out Race,,AP,Nazi Plan to Kill All Jews Confirmed,Newspapers.com (https://www.newspapers.com),Published,Judy Johnstone,This article was found in the Evening Home Edition of the Fort Worth Star-Telegram,,https://newspapers.ushmm.org/article/35855,,,[0],"[1,1]",32.7554883,-97.3307658,,0,1
33692,News Article,The Marion Star,Marion,Ohio,25-Nov-42,7,Nazi Plan to Kill All Jews Reported,"More than 2,000,000 Already Exterminated in Germany",AP,Nazi Plan to Kill All Jews Confirmed,Newspapers.com (https://www.newspapers.com),Published,crystal sopko,,,https://newspapers.ushmm.org/article/33692,,,"[6,7,8,9]","[0,0]",40.5886699,-83.1285242,,0,0
32954,News Article,Mason City Globe-Gazette,Mason+City,Iowa,25-Nov-42,1,Nazi Plan to Exterminate Jews Probed,,AP,Nazi Plan to Kill All Jews Confirmed,Newspapers.com (https://www.newspapers.com),Published,Elizabeth Hedlund,,Thanks Elizabeth -Jennifer,https://newspapers.ushmm.org/article/32954,,,"[6,7,8,9]","[0,0]",43.1535728,-93.2010367,,0,0
32942,News Article,The Daily Times (Iowa),Davenport,Iowa,25-Nov-42,1,"Reveal Hitler Plans to Exterminate All Jews in Occupied Areas by End of 1942; 2,000,000 Already Slaughtered""",,AP,Nazi Plan to Kill All Jews Confirmed,Newspapers.com (https://www.newspapers.com),Published,Elizabeth Hedlund,,,https://newspapers.ushmm.org/article/32942,,,"[8,9]","[1,1]",41.5236437,-90.5776367,,0,0
30109,News Article,Marshalltown Times-Republican,Marshalltown,Iowa,25-Nov-42,1,"Hitler Plans Slaughter Of All Jews in Europe, Claim",,AP,Nazi Plan to Kill All Jews Confirmed,The Community History Archive of Hamilton County Iowa (hamiltoncounty.advantage-preservation.com),Published,William Quick,,,https://newspapers.ushmm.org/article/30109,,,"[7,8,9]","[0,0]",42.0494674,-92.9080375,,0,0
29146,News Article,The Knoxville News-Sentinel,Knoxville,Tennessee,25-Nov-42,10,"""Kill All Jews"" Plan Disclosed","Doctor Wise Says 2,000,000 To Die in Next Month.",AP,Nazi Plan to Kill All Jews Confirmed,Newspapers.com (https://www.newspapers.com),Published,Jordan Nowell,,"Hi Jordan,

Great article find! You've found a great match for this event module. This article has been approved!

I've edited this submission a little to provide you with an example to help you with your future submissions.

Great work!

- Samantha",https://newspapers.ushmm.org/article/29146,,,"[7,8,9]","[0,0]",35.9606384,-83.9207392,,1,0
29139,News Article,Dixon Evening Telegraph,Dixon,Illinois,25-Nov-42,1,Details of Hitler's Plan to Kill the Jews in Europe Revealed,"Over 2,000,000 Already Slaughtered in Nazi-Occupied Nations",AP,Nazi Plan to Kill All Jews Confirmed,https://newscomwc.newspapers.com/,Published,Alyssa Zydorowicz,,"Hi Alyssa,

Great article find! This article has been approved.

I've edited this submission a little to provide you with an example to help you with your future submissions.

Great work!

- Samantha",https://newspapers.ushmm.org/article/29139,,,"[8,9]","[1,1]",41.8389213,-89.4795478,,0,0
29137,News Article,The Daily Times-News,Burlington,North+Carolina,25-Nov-42,1,Jews Facing Extermination In Nazi Area,,AP,Nazi Plan to Kill All Jews Confirmed,Newspapers.com (https://www.newspapers.com),Published,Jenna Klug,,"Hi Jenna,

Another great article find! This article has also been approved.

Thank you for this new addition to the database!

- Samantha",https://newspapers.ushmm.org/article/29137,,,"[8,9]","[1,1]",36.0807686,-79.4827759,,0,0
24814,News Article,The Capital Times/The Madison Capital Times,Madison,Wisconsin,25-Nov-42,1,Nazis Plan to Kill All Jews in Seized Areas---Dr. Wise,"2 Million Were Already Slaughtered by Extension Order, Claim",AP,Nazi Plan to Kill All Jews Confirmed,Newspapers.com (https://www.newspapers.com),Published,Jeff Schultz,,,https://newspapers.ushmm.org/article/24814,,,"[8,9]","[1,1]",43.0730517,-89.4012302,,1,0
24742,News Article,The Decatur Daily Review,Decatur,Illinois,25-Nov-42,1,Hitler's Plan Reported to Kill All Jews,,AP,Nazi Plan to Kill All Jews Confirmed,https://newscomwc.newspapers.com/,Published,Madeline Bohan,,"Madeline, this is actually a front page (page 1) story. Newspapers.com often gets the page numbers wrong. I added the word ""All"" in the headline ""Hitler's Plan Reported o Kill All Jews."" The word ""All"" clearly makes a big difference in the meaning, so please be careful when entering in the headline information. I added ""AP"" in the author/byline field. It stands for the Associated Press wire service organization. We actually do have a copy of this article. In the future, if you are able to find us articles we haven't seen before, that would be fantastic. Here is a nifty guide for how to find new material: https://newspapers.ushmm.org/blog/2017/09/14/how-do-i-upload-articles-not-yet-in-the-database/

Thank you for your work! -Eric",https://newspapers.ushmm.org/article/24742,,,"[8,9]","[1,1]",39.8403147,-88.9548001,,0,0
21915,News Article,The Vernon Daily Record,Vernon,Texas,25-Nov-42,2,Jews are Told of Hitler's Campaign To Exterminate Race,,AP,Nazi Plan to Kill All Jews Confirmed,Newspapers.com (https://www.newspapers.com),Published,Ryan Liu,,,https://newspapers.ushmm.org/article/21915,,,"[4,5,6,7,8,9]","[1,1]",34.1545306,-99.2650804,,0,0
21911,News Article,The Evening Independent,Massillon,Ohio,25-Nov-42,2,"2 Million Jews Slain In Hitler Campaign, Claim",,AP,Nazi Plan to Kill All Jews Confirmed,Newspapers.com (https://www.newspapers.com),Published,Ryan Liu,,,https://newspapers.ushmm.org/article/21911,,,"[6,7,8,9]","[0,0]",40.7967244,-81.5215093,,0,0
21908,News Article,Denton Record-Chronicle,Denton,Texas,25-Nov-42,4,Many Jews Killed In Europe,,AP,Nazi Plan to Kill All Jews Confirmed,Newspapers.com (https://www.newspapers.com),Published,Ryan Liu,,"Great work, Ryan! This article has been published to our database.",https://newspapers.ushmm.org/article/21908,,,"[3,4,5,6,7,8,9]","[1,1]",33.2148412,-97.1330683,,0,0
21550,News Article,The Logan Daily News,Logan,Ohio,25-Nov-42,1,Hitlers Plans Mass Murders of Jews,Details of Plot Revealed by Dr. Wise,AP,Nazi Plan to Kill All Jews Confirmed,Newspapers.com (https://www.newspapers.com),Published,Lily Sweeting,,"Hi Lily,
Great work! I made a few small edits to your submission and it is now published to our database.
-Bethany",https://newspapers.ushmm.org/article/21550,https://newspapers.ushmm.org/manager/article/photo/30608/original,,"[6,7,8,9]","[1,1]",39.5400672,-82.4070986,,1,0
21520,News Article,The Ludington Daily News,Ludington,Michigan,25-Nov-42,1,Reveals Hitler Plan to Kill All Jews in Nazi-Held Europe,,AP,Nazi Plan to Kill All Jews Confirmed,Newspapers.com (https://www.newspapers.com),Published,Katelyn Lombardino,"This article describes Hitler's plan to kill all of the Jews in the parts of Europe that were occupied by the Nazis. This is the first time that the people are hearing about this plan, so that it why it is significant. Dr. Stephen S. Wise made the announcement and also found out that the Nazis have already killed over 2,000,000 Jews. This article also describes the Nazis' plan to speed up the process of killing all of the Jews.","Good summary on the article, Katelyn! -Eric",https://newspapers.ushmm.org/article/21520,https://newspapers.ushmm.org/manager/article/photo/30569/original,,"[6,7,8,9]","[1,1]",43.9552825,-86.4525831,,0,0
21302,News Article,The Longview (Texas) Daily News,Longview,Texas,25-Nov-42,1,Rabbi Charges Jewish Extermination By Axis,,AP,Nazi Plan to Kill All Jews Confirmed,Newspapers.com (https://www.newspapers.com),Published,Luke Teitell,,,https://newspapers.ushmm.org/article/21302,https://newspapers.ushmm.org/manager/article/photo/30568/original,,"[6,7,8,9]","[1,1]",32.5007037,-94.7404891,,1,0
20346,News Article,Santa Ana Register,Santa+Ana,California,25-Nov-42,1,Nazi Plan to Exterminate Jews In Occupied Europe Is Charged,,AP,Nazi Plan to Kill All Jews Confirmed,Newspapers.com (https://www.newspapers.com),Published,Neha Mylvaganan,,,https://newspapers.ushmm.org/article/20346,https://newspapers.ushmm.org/manager/article/photo/30387/original,,"[4,6,7,8,9]","[1,1]",33.7454725,-117.867653,,0,0
20341,News Article,The Evening Republican/The Republic,Columbus,Indiana,25-Nov-42,1,Reports All Jews in Nazi Europe Will Be Killed,,AP,Nazi Plan to Kill All Jews Confirmed,Newspapers.com (https://www.newspapers.com),Published,Neha Mylvaganan,,"Thanks for this submission. I find articles like these especially interesting. Readers of this newspaper knew exactly what was happening overseas, which proves why History Unfolded is a valuable project. Thanks Neha!
-Bethany",https://newspapers.ushmm.org/article/20341,https://www.newspapers.com/clip/78347293/,,"[4,5,6,7,8,9]","[0,0]",39.2014404,-85.9213796,,0,0
20335,News Article,Ironwood Daily Globe,Ironwood,Michigan,25-Nov-42,1,WISE EXPLAINS JEWISH POLICY,Offers Proof of Hitler's Race Extinction Order for 1942,AP,Nazi Plan to Kill All Jews Confirmed,Newspapers.com (https://www.newspapers.com),Published,Neha Mylvaganan,,,https://newspapers.ushmm.org/article/20335,https://www.newspapers.com/clip/77719879/the-jackson-sun/,,"[8,9]","[1,1]",46.4546698,-90.1710081,,1,1
20320,News Article,Beatrice Daily Sun,Beatrice,Nebraska,25-Nov-42,2,All Jews In Nazi Europe To Be Killed,Hitler Orders Death Of All Jews In Territory By First Of Next Year; 2 MILLION DEAD NOW,AP,Nazi Plan to Kill All Jews Confirmed,Newspapers.com (https://www.newspapers.com),Published,Neha Mylvaganan,,,https://newspapers.ushmm.org/article/20320,https://www.newspapers.com/clip/77691258/,,"[7,8,9]","[1,1]",40.2659269,-96.7466913,,0,0
20305,News Article,The News-Palladium/The Benton Harbor News Palladium,Benton+Harbor,Michigan,25-Nov-42,8,"Hitler Orders Mass Murder Of Jews; 2,000,000 Slain",,AP,Nazi Plan to Kill All Jews Confirmed,Newspapers.com (https://www.newspapers.com),Published,Neha Mylvaganan,,,https://newspapers.ushmm.org/article/20305,https://www.newspapers.com/clip/77568229/the-post-register/,,[0],"[0,0]",42.1167065,-86.4541894,,0,0
20302,News Article,The Evening Huronite/The Daily Plainsman,Huron,South+Dakota,25-Nov-42,1,Says Hitler To Exterminate All Jews In Europe,,AP,Nazi Plan to Kill All Jews Confirmed,Newspapers.com (https://www.newspapers.com),Published,Neha Mylvaganan,,,https://newspapers.ushmm.org/article/20302,https://www.newspapers.com/clip/76367269/herald-press-nazi-plan/,,[0],"[1,1]",44.3633173,-98.2142572,,0,0
20280,News Article,The Rhinelander Daily News,"Rhinelander,+Wisconsin",Wisconsin,25-Nov-42,1,Slaughter of Jews In Europe Verified,,AP,Nazi Plan to Kill All Jews Confirmed,Newspapers.com (https://www.newspapers.com),Published,Luke Teitell,,,https://newspapers.ushmm.org/article/20280,https://www.newspapers.com/clip/76116915/the-knoxville-news-sentinel/,,"[6,7,8,9]","[1,1]",45.6366228,-89.4120753,,0,0
19602,News Article,Panama City News-Herald,Panama+City,Florida,25-Nov-42,6,LEADERS PROBE GERMAN DRIVE TO KILL JEWS,Details Of Gestapo Campaign To Be Laid Before World Congress,AP,Nazi Plan to Kill All Jews Confirmed,Newspapers.com (https://www.newspapers.com),Published,Neha Mylvaganan,,,https://newspapers.ushmm.org/article/19602,https://newspapers.ushmm.org/manager/article/photo/27856/original,,"[7,8,9]","[1,1]",30.1588129,-85.6602058,,0,1
19599,News Article,The Evening Telegram/Rocky Mount Telegram,Rocky+Mount,North+Carolina,25-Nov-42,1,Leading Jews To Discuss Nazi Plan To Purge Europe,,AP,Nazi Plan to Kill All Jews Confirmed,Newspapers.com (https://www.newspapers.com),Published,Neha Mylvaganan,,,https://newspapers.ushmm.org/article/19599,https://newspapers.ushmm.org/manager/article/photo/27840/original,,[9],"[1,1]",35.9382103,-77.7905339,,0,1
19396,News Article,The Monitor/ Valley Evening Monitor/ Star-Monitor-Herald,McAllen,Texas,25-Nov-42,1,Red Offensive Sweeps into New Areas,Two Million Jews Slain by Germans,AP,Nazi Plan to Kill All Jews Confirmed,Newspapers.com (https://www.newspapers.com),Published,Ryan Liu,,"Hi Ryan,
Thanks for researching for History Unfolded. Your article has been published in our database.
-Bethany",https://newspapers.ushmm.org/article/19396,https://www.newspapers.com/clip/61772909/,,"[6,7,8,9]","[1,1]",26.2034071,-98.2300124,,0,0
19391,News Article,The Pampa Daily News/The Pampa News,Pampa,Texas,25-Nov-42,1,Hitler Order All Jews In Europe Be Dead In '42,,AP,Nazi Plan to Kill All Jews Confirmed,Newspapers.com (https://www.newspapers.com),Published,Ryan Liu,,"Hi Ryan,
Thanks for researching for History Unfolded. This article has been published in our database.
-Bethany",https://newspapers.ushmm.org/article/19391,https://www.newspapers.com/clip/61743705/,,"[6,7,8,9]","[1,1]",35.5361559,-100.9598709,,0,0
19390,News Article,The Fresno Bee The Republican,Fresno,California,25-Nov-42,7,Wise Describes Plan to Liquidate European Jews,,AP,Nazi Plan to Kill All Jews Confirmed,Newspapers.com (https://www.newspapers.com),Published,Ryan Liu,,"Hi Ryan,
Thanks for researching for History Unfolded. Your submission has been published in our database. 
-Bethany",https://newspapers.ushmm.org/article/19390,https://www.newspapers.com/clip/61628848/,,[0],"[1,1]",36.7377981,-119.7871247,,1,0
19307,News Article,Fitchburg Sentinel,Fitchburg,Massachusetts,25-Nov-42,1,Calls Jews To Discuss Nazi Edict,Dr. Wise Says Massacre To Be Subject Of Parley To Be Held At New York,AP,Nazi Plan to Kill All Jews Confirmed,Newspapers.com (https://www.newspapers.com),Published,Neha Mylvaganan,,"We did not have this article in the system before, Neha. Good work! -Eric",https://newspapers.ushmm.org/article/19307,https://www.newspapers.com/clip/61266091/,,"[7,8,9]","[1,1]",42.5834228,-71.8022955,,1,1
19141,News Article,The Muscatine Journal and News-Tribune,Muscatine,Iowa,25-Nov-42,3,Dr. Wise to Bare Story of German Drive Upon Jews  ,,AP,Nazi Plan to Kill All Jews Confirmed,Newspapers.com (https://www.newspapers.com),Published,Luke Teitell,Responds to race-extinction order from Adolf Hitler,"Luke, this is a new article to the system. Great work! -Eric",https://newspapers.ushmm.org/article/19141,https://www.newspapers.com/clip/61062483/,,"[7,8,9]","[1,1]",41.424473,-91.0432051,,1,0
18830,News Article,(The Wilmington) Evening Journal-Every Evening/(The Wilmington) Journal-Every Evening,Wilmington,Delaware,25-Nov-42,5,German Doctors Said to Kill Jews at Rate of 100 an Hour,"2,000,000 Slain So Far in Response to Hitler's Order To Exterminate Race by End Of Year, Apparently Authentic Report Reveals",AP,Nazi Plan to Kill All Jews Confirmed,Newspapers.com (https://www.newspapers.com),Published,Steven Braverman,,,https://newspapers.ushmm.org/article/18830,https://www.newspapers.com/clip/54982233/himmler-orders-extermination-of-half/,,[0],"[1,1]",39.744655,-75.5483909,,0,0
18369,News Article,Argus Leader/The Daily Argus-Leader,Sioux+Falls,South+Dakota,25-Nov-42,4,Anti-Semitic Drive Studied,Jewish Organizations Learn Details of Germany's Campaign,AP,Nazi Plan to Kill All Jews Confirmed,Newspapers.com (https://www.newspapers.com),Published,Carlos Gimeno,"https://www.newspapers.com/image/229821931/

Accessed July/9/2018",,https://newspapers.ushmm.org/article/18369,https://newspapers.ushmm.org/manager/article/photo/26724/original,,"[6,7,8,9]","[0,0]",43.5460223,-96.731265,,0,1
18016,News Article,The South Bend Tribune,South+Bend,Indiana,25-Nov-42,2,Nazi Drive to Exterminate All Jews in '42 Revealed,,AP,Nazi Plan to Kill All Jews Confirmed,St. Joseph County Public Library,Published,Local History,,,https://newspapers.ushmm.org/article/18016,https://www.newspapers.com/clip/49749874/,,"[7,8,9]","[0,0]",41.6763545,-86.2519898,,0,0
17381,News Article,Ogdensburg Journal,Ogdensburg,New+York,25-Nov-42,1,Fiendish Device Used in Nazi Drive To Kill All European Jews By January,,AP,Nazi Plan to Kill All Jews Confirmed,New York State Historic Newspapers (http://nyshistoricnewspapers.org/),Published,Peyton Castleberry,"Link to article: https://nyshistoricnewspapers.org/lccn/sn84031165/1942-11-25/ed-1/seq-1/#date1=11%2F25%2F1942&index=0&date2=11%2F25%2F1942&searchType=advanced&SearchType=prox5&sequence=0&words=exterminate+Jews+Nazi&proxdistance=5&to_year=1942&rows=20&ortext=&from_year=19%20Waiting%20for%20Approval

","The headline ""Soviet Advance Presses Nazis into 30 mile Bottleneck Allies Gain in Fierce New Guinea, Tunisia Fighting"" is unrelated to the story about the Final Solution you found with the headline ""Fiendish Device Used in Nazi Drive to Kill All European Jews By January"". Here is a helpful guide for understanding how to read newspapers from the 1930's and 1940's: https://newspapers.ushmm.org/about/scanning-newspapers    Thank you for your research, Peyton! -Eric",https://newspapers.ushmm.org/article/17381,https://www.newspapers.com/clip/47926611/,,"[6,7,8,9]","[0,0]",44.6942291,-75.4863364,,0,0
17359,News Article,Alton Evening Telegraph,Alton,Illinois,25-Nov-42,12,German Plot to Exterminate All Jews Is Charged,Dr. Stephen Wise Says Nazis Have Jan. 1 Deadline,AP,Nazi Plan to Kill All Jews Confirmed,Newspapers.com (https://www.newspapers.com),Published,Mallory Mick,,,https://newspapers.ushmm.org/article/17359,https://www.newspapers.com/clip/47924979/,,"[8,9]","[1,1]",38.8906038,-90.1842764,,1,0
16116,News Article,The Hutchinson News,Hutchinson,Kansas,25-Nov-42,1,Slaughter Of Jews Ahead At Fast Past,"Race Extermination Hitler 1942 Goal, Rabbi Wise Says",AP,Nazi Plan to Kill All Jews Confirmed,Newspapers.com (https://www.newspapers.com),Published,Tabor Hurt,,"Tabor, this is a good find, but more appropriately linked to the event ""Nazi Plan To Kill All Jews Confirmed"". I have changed it accordingly. Thanks, Edie",https://newspapers.ushmm.org/article/16116,https://www.newspapers.com/clip/37858148/,,"[8,9]","[1,1]",38.0608445,-97.9297743,,1,0
15162,News Article,The Evening State Journal/The Lincoln State Journal/Lincoln Evening Journal,Lincoln,Nebraska,25-Nov-42,1,Race Extinction: Death of All Jews Ordered... In Occupied Europe,Details Of Hitler Plan To Be Laid Before N.Y. Committee,AP,Nazi Plan to Kill All Jews Confirmed,University of Nebraska at Omaha: Dr. C.C. and Mabel L. Criss Library (https://www.unomaha.edu/criss-library/index.php),Published,Kaitlin Sundberg,Link to article:c,,https://newspapers.ushmm.org/article/15162,https://newspapers.ushmm.org/manager/article/photo/23202/original,,"[7,8,9]","[1,1]",40.813616,-96.7025955,,0,0
14790,News Article,The Indianapolis News,Indianapolis,Indiana,25-Nov-42,2,"Nazis Have Slain 2,000,000 Jews","Hitler Has Ordered Extermination of Race, Reports Dr. Stephen S. Wise",AP,Nazi Plan to Kill All Jews Confirmed,Newspapers.com (https://www.newspapers.com),Published,andy townsend,,Another great article - keep up the great research! -Chelsea,https://newspapers.ushmm.org/article/14790,https://newspapers.ushmm.org/manager/article/photo/22027/original,,[7],"[1,1]",39.768403,-86.158068,,1,0
13673,News Article,Adrian Daily Telegram/The Daily Telegram,Adrian,Michigan,25-Nov-42,1,To Bare Plans To Exterminate Jews In German-Occupied Europe,,AP,Nazi Plan to Kill All Jews Confirmed,Newspapers.com (https://www.newspapers.com),Published,David Forsberg,Link To Article: https://www.newspapers.com/image/542452/?terms=plan+to+exterminate+jews,"David, you are the first person to upload this article. Great work! One correction. The headline ""Russian Pincers Close on Germans"" is not related to the story with the headline ""To Bare Plans To Exterminate Jews In German-Occupied Europe"". Here is a resource for how to read old newspapers: https://newspapers.ushmm.org/about/scanning-newspapers and another resource for how to find and record bylines: https://newspapers.ushmm.org/blog/2017/09/12/what-exactly-are-bylines/  -Eric",https://newspapers.ushmm.org/article/13673,https://newspapers.ushmm.org/manager/article/photo/20659/original,,[0],"[0,0]",41.8975471,-84.0371659,,0,0
13253,News Article,The Sheboygan Press ,Sheboygan+,Wisconsin,25-Nov-42,17,Slaughter of Jews is Decreed by Nazis,,AP,Nazi Plan to Kill All Jews Confirmed,Carroll University Newspaper Archive (http://archives.carrollu.edu/),Published,Rachel Gosselin,"The article confirms that Hitler has ordered a mass extermination of Jews in Nazi-Europe. The article mentions the role of Dr. Stephen Wise and provides data on the numbers of Jews already killed. It also describes that the Jews are being transported to Poland where the cheapest, fastest, and easiest methods of killing are practiced. This article provides information on the important people involved as well as numbers that represent the magnitude of Jew extermination.","Rachel,
Thank you for your submission to History Unfolded. I hope to see more submissions from you in the future! -Katie",https://newspapers.ushmm.org/article/13253,https://www.newspapers.com/clip/7850819//,,"[8,9]","[1,1]",43.7508284,-87.71453,,0,0
11860,News Article,St. Louis Post-Dispatch,St.+Louis,Missouri,25-Nov-42,B1,Nazis Accused Of Plan to Kill 4 Million Jews,Dr. Wise Says Order to Exterminate Race Has Been Half Fulfilled ,AP,Nazi Plan to Kill All Jews Confirmed,Newspapers.com (https://www.newspapers.com),Published,Rebecca Schmitt,,"Great work, Rebecca! -Eric",https://newspapers.ushmm.org/article/11860,https://newspapers.ushmm.org/manager/article/photo/17142/original,,[0],"[1,1]",38.6270025,-90.1994042,,1,0
11859,News Article,Green Bay Press-Gazette,Green+Bay,Wisconsin,25-Nov-42,2,U.S. Jews Hear of Persecutions,Dr. S.S. Wise Declares Two Million Executed in Nazi-Occupied Countries,AP,Nazi Plan to Kill All Jews Confirmed,Newspapers.com (https://www.newspapers.com),Published,Rebecca Schmitt,,"The headline/sub-headline and certain words in the story are noteworthy here, as the onus of proof seems to fall solely on Dr. Wise who ""said [it] was confirmed by the state department and a personal representative of President Roosevelt..."" Good find, Rebecca! Thank you very much for this article, which we did not have uploaded to History Unfolded before. -Eric",https://newspapers.ushmm.org/article/11859,https://www.newspapers.com/clip/25181893/,,"[8,9]","[1,1]",44.5133188,-88.0132958,,1,1
11858,News Article,Miami Daily News-Record,Miami,Oklahoma,25-Nov-42,3,Jews Discuss Hitler's Move,Dr. Stephen Wise Hears Nazis Intent to Kill Off Race in Europe,AP,Nazi Plan to Kill All Jews Confirmed,Newspapers.com (https://www.newspapers.com),Published,Jan Karstensen,Article states Nazi doctors are injecting air bubbles into veins of Jews to kill 100 men per doctor per hour.,"Thank you so much for taking time to upload article content to the History Unfolded website, Jan! -Eric",https://newspapers.ushmm.org/article/11858,https://www.newspapers.com/clip/24786917/,,"[6,7,8,9]","[1,1]",36.8745146,-94.8774554,,1,1
10303,News Article,The Kane Republican,Kane,Pennsylvania,25-Nov-42,1,Dr. Wise to Reveal Details of Nazi Plans to Exterminate Jews,,AP,Nazi Plan to Kill All Jews Confirmed,Newspapers.com (https://www.newspapers.com),Published,CESAR G,"article is continued on page six (could only upload one document)

https://www.newspapers.com/image/49840008","Cesar,

Thanks for finding this.

/David",https://newspapers.ushmm.org/article/10303,https://www.newspapers.com/clip/25107907/,,[7],"[1,1]",41.6628394,-78.8111427,,1,0
8397,News Article,Lead Daily Call,Lead,South+Dakota,25-Nov-42,1,HITLER DESTROYING ALL JEWS,Half In Nazi Occupied Europe Already Exterminated,AP,Nazi Plan to Kill All Jews Confirmed,Newspapers.com (https://www.newspapers.com),Published,Carlos Gimeno,,,https://newspapers.ushmm.org/article/8397,https://www.newspapers.com/clip/23782347/,,"[6,7,8,9]","[1,1]",44.3522065,-103.7651984,,0,0
8384,News Article,The Brownsville Herald,Brownsville,Texas,25-Nov-42,1,Extermination Of All Jews Sought,German Plan Bared By Dr. Wise,AP,Nazi Plan to Kill All Jews Confirmed,Newspapers.com (https://www.newspapers.com),Published,Carlos Gimeno,,,https://newspapers.ushmm.org/article/8384,https://www.newspapers.com/clip/23756432/,,"[6,7,8,9]","[1,1]",25.9017472,-97.4974838,,1,0
8377,News Article,The Indiana Gazette/The Indiana Evening Gazette,Indiana,Pennsylvania,25-Nov-42,7,Details Of Campaign To Exterminate All Jews In Nazi Europe Laid Before New York Committee,,AP,Nazi Plan to Kill All Jews Confirmed,Newspapers.com (https://www.newspapers.com),Published,Carlos Gimeno,,,https://newspapers.ushmm.org/article/8377,https://www.newspapers.com/clip/23462831/,,[7],"[1,1]",40.6214551,-79.1525349,,0,0
8376,News Article,The Amarillo Globe/The Amarillo Globe-Times,Amarillo,Texas,25-Nov-42,5,Claim Nazi Doctors Kill Jews at Rate Of 100 Men an Hour,,AP,Nazi Plan to Kill All Jews Confirmed,Newspapers.com (https://www.newspapers.com),Published,Carlos Gimeno,,,https://newspapers.ushmm.org/article/8376,https://newspapers.ushmm.org/manager/article/photo/15271/original,,"[6,7,8,9]","[1,1]",35.2219971,-101.8312969,,0,0
8054,News Article,The Asbury Park Press/The Evening Press,Asbury+Park,New+Jersey,25-Nov-42,6,Hitler Orders Execution of All Jews in Europe,,AP,Nazi Plan to Kill All Jews Confirmed,Newspapers.com (https://www.newspapers.com),Published,Andrew Hollenbaugh,,"Thank you for your research, Andrew! -Eric",https://newspapers.ushmm.org/article/8054,https://newspapers.ushmm.org/manager/article/photo/14255/original,,[0],"[0,0]",40.2203907,-74.0120817,,0,0
4654,News Article,Sarasota Herald-Tribune,Sarasota,Florida,25-Nov-42,5,Nazi Plan For Wiping Out Jews To Be Outlined,,AP,Nazi Plan to Kill All Jews Confirmed,Google Newspaper Archive (https://news.google.com/newspapers),Published,kflipscomb .,"Through the Google News archives I found this Sarasota Herald-Tribune edition by searching the key word ‚ÄúJews‚Äù. I scrolled through a few pages and found the headline ‚ÄúHitler Regime Wipes Out Jews by Mass Murder‚Äù. This edition was published the day before Thanksgiving 1942. With the holiday season quickly approaching, a quarter of the paper is covered in advertisements for holiday radio shows, Thanksgiving menus, food advertisements, and even a picture of children on Mrs. Claus‚Äô lap appear throughout eight pages. The two main headlines include: ‚ÄúNazis Lose 100,000 Men at Stalingrad‚Äù and a photo with the title ‚ÄúU.S. Warship Rescues Jap Flier‚Äù. These two headlines portray the United States as winning the war against the Axis powers and coincide with the warm feelings that families want to have as they enter the holiday seasons. 
The majority of the pages that follow the front page are advertisements, cartoons, a listing of social activities, and local news such as a campaign advertisement for city council. As this is a local newspaper published for Sarasota residents, discusses how locals are affected by the war efforts including shortages of oil and milk. 
	The headline ‚ÄúNazi Plan for Wiping out Jews to be Outlined‚Äù is found sandwiched between a photo of a baby wearing only a smile and a t-shirt that exposes his bum, followed by a caption bringing humor to the story about a diaper shortage in Memphis, Tennessee and is situated next to a large advertisement posting for a vacuum cleaner, including steps on how to use and maintain the cleaner. Notice how the advertisement is about twice the size of the Nazi plan posting. It is ironic, or extremely purposeful by the hands of the editor, to conceal the article about state officials and President Roosevelt confirming that 2 million Jews have already been slaughtered at the hands of Hitler. In addition, the article informs readers that Dr. Stephen S. Wise, chairman of the World Jewish Congress and president of the American Jewish Congress, has documentation proving that Hitler ordered the extermination of all Jews in Nazi-ruled Europe by the end of 1942 (nearly one month after this publication). Dr. Wise further outlines Hitler‚Äôs plan saying ‚ÄúNazis were moving some four-fifths of the Hews in Hitler-ruled European countries to Poland‚Äù. He also details the method of execution by injections that can kill 100 people each hour. This publication is cut short with more alarming information that the Jewish population in Warsaw had been reduced from 500,000 to an estimated 100,000. One could easily miss this very detailed and horrific article amid all the holiday cheer and light-hearted advertisements. While it is significant to show the loss of 100,000 Nazis in bold, large font on the front page, the sheer number of Jews killed and the further genocides discussed in the Nazi Plan headline overcome the story of the 100,000 Nazis killed. The holiday season is a time of chaos, stress and busyness, but it is also a time of reflection, family time and joy. To go into the season with the thought of Jews being murdered at alarming rates is not enjoyable conversation for the Thanksgiving table. I imagine a family would rather enjoy discussing local solutions to shortages, how to help troops through the holiday season, and the recent Nazi loss at Stalingrad. I understand the editor‚Äôs logic in making the final call on headlines, but wonder if newspaper's focus had been more on the Jewish genocide, if the public would have pushed for more action from the Allied Powers to stop the Holocaust sooner.
(1942, November 25). Nazi plan for wiping out Jews to be outlined. Sarasota Herald-tribune. Retrieved from https://news.google.com/newspapers?id=DCEhAAAAIBAJ&sjid=xmQEAAAAIBAJ&pg=4519%2C3791851","What a thorough, thoughtful analysis. Thank you very much for the contribution. -Eric",https://newspapers.ushmm.org/article/4654,https://newspapers.ushmm.org/manager/article/photo/14054/original,,"[7,8,9]","[0,0]",27.3364347,-82.5306527,,0,0
3494,News Article,The Tuscaloosa News,Tuscaloosa,Alabama,25-Nov-42,3,Plan To Kill Jews Revealed,Nazi Plan Would Exterminate Race In Occupied Europe,AP,Nazi Plan to Kill All Jews Confirmed,Google Newspaper Archive (https://news.google.com/newspapers),Published,Mary Allred,Source: https://news.google.com/newspapers?id=DuU-AAAAIBAJ&sjid=_kwMAAAAIBAJ&pg=5998%2C677337,,https://newspapers.ushmm.org/article/3494,https://newspapers.ushmm.org/manager/article/photo/14017/original,,[98],"[1,0]",33.2098407,-87.5691735,,0,0
3481,News Article,Toledo Blade,Toledo,Ohio,25-Nov-42,1,"Hitler Orders All Jews Exterminated, Report Says",Said to Be Confirmed by F.D.R. Aide; Affects Nazi-Occupied Europe,AP,Nazi Plan to Kill All Jews Confirmed,Google Newspaper Archive (https://news.google.com/newspapers),Published,Mary Allred,"Source: https://news.google.com/newspapers?nid=8_tS2Vw13FcC&dat=19421125&printsec=frontpage&hl=en

Continues on Page 2. The article is pretty straightforward in stating that 2 million Jews have already been killed and that this information has been confirmed by State Department sources. The article is fairly prominent on the front page (though not above the fold).",,https://newspapers.ushmm.org/article/3481,https://newspapers.ushmm.org/manager/article/photo/14012/original,,[0],"[1,1]",41.6528052,-83.5378674,,0,0
3208,News Article,The Norwalk Hour,Norwalk,Connecticut,25-Nov-42,1,Attempts To Kill All Jews,Charged By Dr. S.S. Wise; Says Nazi Doctors Put Air Bubbles In Veins,AP,Nazi Plan to Kill All Jews Confirmed,Google Newspaper Archive (https://news.google.com/newspapers),Published,Mary Allred,Full text at https://news.google.com/newspapers?id=zipJAAAAIBAJ&sjid=uwYNAAAAIBAJ&pg=5352%2C2419125.,,https://newspapers.ushmm.org/article/3208,https://newspapers.ushmm.org/manager/article/photo/13914/original,,"[6,7,8,9]","[1,1]",41.117744,-73.4081575,,1,0
2358,News Article,Mansfield News-Journal,Mansfield,Ohio,25-Nov-42,1,Slaughter: Wise Gets Proof Hitler to Kill Remaining Jews,,AP,Nazi Plan to Kill All Jews Confirmed,Muskingum Library,Published, ,"Dr. Stephan S. Wise said that Hitler was planning to exterminate all Jews in Nazi-occupied Europe by the end of the year. This article deals with how 2,000,000 Jews already have been slaughtered in accordance with race extinction order by Adolf Hitler. It is estimated that 4,000,000 Jews in Nazi -occupied Europe already have been killed. Source: https://www.newspapers.com/newspage/18896138/. 
        ",,https://newspapers.ushmm.org/article/2358,https://newspapers.ushmm.org/manager/article/photo/13834/original,,"[6,7,8,9]","[1,1]",40.75839,-82.5154471,,1,0
2338,News Article,Lawrence Daily Journal-World,Lawrence,Kansas,25-Nov-42,7,All Jews To Be Killed By Nazis,Jewish Organization to Hear About Campaign Planned by Hitler,AP,Nazi Plan to Kill All Jews Confirmed,Google Newspaper Archive (https://news.google.com/newspapers),Published,Mary Allred,Source: https://news.google.com/newspapers?id=mCNdAAAAIBAJ&sjid=uVoNAAAAIBAJ&pg=1152%2C3826377,,https://newspapers.ushmm.org/article/2338,https://newspapers.ushmm.org/manager/article/photo/13749/original,,"[6,7,8,9]","[1,1]",38.9716689,-95.2352501,,0,0
2086,News Article,The Battle Creek Enquirer and News/The Battle Creek Enquirer and-The Evening News,Battle+Creek,Michigan,25-Nov-42,1,Jews Study Nazi Slaughter Plan,Jewish Leaders Meet in N.Y. To Review Details of Extermination Decree,AP,Nazi Plan to Kill All Jews Confirmed,Willard Library (https://willardlibrary.org/),Published,Margaret Lincoln,"The article details the report of Dr. Stephen Wise that proved Hitler's plan for the extermination of all Jews in Europe. The article reported that 2,000,000 Jews had already been killed. 
",,https://newspapers.ushmm.org/article/2086,https://newspapers.ushmm.org/manager/article/photo/13730/original,,[98],"[0,0]",42.3211522,-85.1797142,,0,1
732,News Article,The Abilene Reporter-News,Abilene,Texas,25-Nov-42,15,Jew Extermination Drive to Be Bared,,AP,Nazi Plan to Kill All Jews Confirmed,Newspapers.com (https://www.newspapers.com),Published,Lael Fuller,Source: https://www.newspapers.com/newspage/44939897/,,https://newspapers.ushmm.org/article/732,https://newspapers.ushmm.org/manager/article/photo/10870/original,,[0],"[0,0]",32.4487364,-99.7331439,,0,1
49507,News Article,The Daily Monitor-Leader,Mount+Clemens,Michigan,25-Nov-42,4,HEAR DETAILS OF HITLER'S CAMPAIGN FOR:,Slaughter of All European Jews by End of the Year,Kenneth L. Dixon (AP),Nazi Plan to Kill All Jews Confirmed,Chronicling America: Historic American Newspapers (https://chroniclingamerica.loc.gov/#tab=tab_newspapers),Published,David Klevan,https://chroniclingamerica.loc.gov/lccn/sn96077289/1942-11-25/ed-1/seq-4/,"Hi David,

I hope you have been well! This is a great new article and newspaper find for the database. It has been approved!

I hope you have a good week!

- Samantha",https://newspapers.ushmm.org/article/49507,https://www.newspapers.com/clip/43313392/,,[0],"[0,0]",42.5972563,-82.8779754,,0,0
43149,News Article,The Rapid City Daily Journal/The Rapid City Journal,Rapid+City,South+Dakota,25-Nov-42,1,"Hitler Reported To Have Ordered Extermination Of All Jews By First Of Year; 2,000,000 Killed",,Kenneth L. Dixon (AP),Nazi Plan to Kill All Jews Confirmed,Newspapers.com (https://www.newspapers.com),Published,Patricia Pawelak-Kort,,,https://newspapers.ushmm.org/article/43149,https://www.newspapers.com/clip/61780595/,,[0],"[1,1]",44.0805434,-103.2310149,,0,0
40895,News Article,The Casper Tribune-Herald/The Casper Star Tribune,Casper,Wyoming,25-Nov-42,1,Extermination of All Jews in Nazi Territory Cited as Hitler's Aim,"Two Million Already Have Been Slaughtered, Declares Dr. Stephen Wise",Kenneth L. Dixon (AP),Nazi Plan to Kill All Jews Confirmed,Newspapers.com (https://www.newspapers.com),Published,Gideon Williams,"Refers to the extermination as a ""gruesome campaign"" of ""slaughter,"" showing the disgust of the author at Nazi actions.","We already had this article in the database before. Please continue to go to ""Menu"" and ""Explore User Research"" and search by newspaper name to see what we have. -Eric",https://newspapers.ushmm.org/article/40895,,,[0],"[1,1]",42.848709,-106.2980824,,1,0
40247,News Article,The Park City Daily News,Bowling+Green,Kentucky,25-Nov-42,1,Mass Slaying of Jews Studied,Hitler's Orders Are Confirmed in Washington,Kenneth L. Dixon (AP),Nazi Plan to Kill All Jews Confirmed,Newspapers.com (https://www.newspapers.com),Published,Jeannette Gabriel,,"Jeannette: I have approved all your submissions for the following Events: Nazi Plan to Kill All Jews Confirmed, Allies Denounce Nazi Plan to Exterminate the Jews, Evian Conference Offers Neither Help Nor Haven, and Jewish Refugees Desperately Seek Safe Harbor (except one). Great work! Thank you.
-Elizabeth",https://newspapers.ushmm.org/article/40247,,,"[7,8,9]","[0,0]",36.9685219,-86.4808043,,0,1
38979,News Article,Daily Sentinel,Grand+Junction,Colorado,25-Nov-42,1,Thousands Jews In Norway Held In Nazi Camps,,Kenneth L. Dixon (AP),Nazi Plan to Kill All Jews Confirmed,Newspapers.com (https://www.newspapers.com),Published,Patricia Pawelak-Kort,,,https://newspapers.ushmm.org/article/38979,,,"[7,8,9]","[1,1]",39.0638705,-108.5506486,,0,0
31239,News Article,The Tampa Daily Times/The Tampa Times,Tampa+Bay,Florida,25-Nov-42,4,U. S. Jewish Group Hears Details of Polish Slaughter Today,State Department Believed to Have Proof of Murders,Kenneth L. Dixon (AP),Nazi Plan to Kill All Jews Confirmed,Newspapers.com (https://www.newspapers.com),Published,Jonathan Przelenski,"This article is important because it details the murders of Jews to the American public, and in this case the city of Tampa, in 1942, well before the discovery of the concentration camps. However, this article is on page 4 of the newspaper and reserved to a small sliver of the whole newspaper. The article is located by a Ringling Circus Elephant Trainer death, and not front page news. 

To find this article, I typed in the keyword Stephen Wise under Newspapers.com and narrowed my search to the dates provided on History Unfolded.","Hello Jonathan, thank you for your contribution to History Unfolded! 
Your article has been approved. Please note, you're right to point out the article was positioned far from the front page, but its title is actually prominently displayed on p.4: ""State Department Believed to Have Proof of Murders"" is the sub-headline; the main headline is in bigger characters above that : ""U. S. Jewish Group Hears Details of Polish Slaughter Today"" ‚Äì I edited your data for you (the circus elephant photo right next to it is indeed awkward!) 
Good job adding the author, I also added the news service he was working with, mentioned at the beginning of the paragraph: Kenneth L. Dixon (AP). Keep up the great work, we look forward to other interesting finds from you. ‚ÄìNadia",https://newspapers.ushmm.org/article/31239,,,[0],"[0,0]",27.763383,-82.5436722,,0,1
29140,News Article,The Record-Argus,Greenville,Pennsylvania,25-Nov-42,1,View Hitler Plan To Wipe Out Jews,Dr. Wise Says Reports Are Confirmed by State Department,Kenneth L. Dixon (AP),Nazi Plan to Kill All Jews Confirmed,https://newscomwc.newspapers.com/,Published,Patrick Hefferan,Additional sub-headline: Reported Half Already Killed,"Hi Patrick,

Great article find! This article has been approved.

I've edited this submission a little to provide you with an example to help you with your future submissions.

Great work!

- Samantha",https://newspapers.ushmm.org/article/29140,https://www.newspapers.com/image/12421608/,,"[6,7,8,9]","[1,1]",41.404499,-80.3911785,,1,0
26507,News Article,The Birmingham News,Birmingham,Alabama,25-Nov-42,3,Hitler Has Ordered All Jews in Nazi Europe Slain By End of Year,Details Of Wholesale Murder Are Reported to Semitic Leaders in U.S.,Kenneth L. Dixon (AP),Nazi Plan to Kill All Jews Confirmed,Library of Congress,Published,Jacquelyn Wilson,,"Great find Jacquelyn! Thanks for joining us at the sprint.

/David",https://newspapers.ushmm.org/article/26507,,,[0],"[1,1]",33.5185892,-86.8103567,,0,0
21910,News Article,"The Bee (Danville, VA)/The Danville Bee",Danville,Virginia,25-Nov-42,3,Slaughter of Jews Confirmed,Hitler's Campaign to Kill Out All Occupies Group,Kenneth L. Dixon (AP),Nazi Plan to Kill All Jews Confirmed,Newspapers.com (https://www.newspapers.com),Published,Ryan Liu,,,https://newspapers.ushmm.org/article/21910,,,[0],"[0,0]",36.5859718,-79.3950228,,0,0
20296,News Article,The Gettysburg Times,Gettysburg,Pennsylvania,25-Nov-42,6,TWO MILLION JEWS REPORTED KILLED BY NAZIS,,Kenneth L. Dixon (AP),Nazi Plan to Kill All Jews Confirmed,Newspapers.com (https://www.newspapers.com),Published,Neha Mylvaganan,,"Hi Neha,
This was another great submission. I made a few edits on this one to align with the newspaper article. It has now been published. Thanks for your research!
-Bethany",https://newspapers.ushmm.org/article/20296,,,[7],"[1,1]",39.8309293,-77.2310955,,0,0
19388,News Article,Oakland Tribune,Oakland,California,25-Nov-42,1,"German Tunisia Drive Stopped; Russians Kill, Capture 100,000",Hitler Plans to Wipe Out All the Jews in Nazi Occupied Lands,Kenneth L. Dixon (AP),Nazi Plan to Kill All Jews Confirmed,Newspapers.com (https://www.newspapers.com),Published,Ryan Liu,,"Hi Ryan,
Thanks for researching for History Unfolded. Your submission has been published in our database.
-Bethany",https://newspapers.ushmm.org/article/19388,,,[98],"[1,1]",37.8043514,-122.2711639,,0,0
18708,News Article,The Deseret News,Salt+Lake+City,Utah,25-Nov-42,3,Death Decree For All Jews Charged To Hitler,Dr. Wise Claims To Have Proof Of Order,Kenneth L. Dixon (AP),Nazi Plan to Kill All Jews Confirmed,Google Newspaper Archive (https://news.google.com/newspapers),Published,Judy Johnstone,https://news.google.com/newspapers?nid=Aul-kAQHnToC&dat=19420722&printsec=frontpage&hl=en,,https://newspapers.ushmm.org/article/18708,,,"[8,9]","[1,1]",40.7607793,-111.8910474,,1,0
13674,News Article,Tucson Daily Citizen,Tucson,Arizona,25-Nov-42,1,Nazis Seek To Slay All Jews In Europe Now,Hitler Said To Be Wrathful That Extermination Of Jews Incomplete,Kenneth L. Dixon (AP),Nazi Plan to Kill All Jews Confirmed,Newspapers.com (https://www.newspapers.com),Published,David Forsberg,"Link To Article: https://www.newspapers.com/image/10569854/

Article continues on page 12. ","Again, ""Germans Face Extermination"" is a headline unrelated to your relevant story. However, I can understand why you were confused in this case. Extermination as a phrase here is not quite to be taken literally, although it does refer to deaths on the battlefield. However, the headline for the article about the Holocaust is less strong with the diction. What a fascinating comparison. You are the first person to upload any article from the Tucson Daily Citizen. Good work! -Eric",https://newspapers.ushmm.org/article/13674,https://www.newspapers.com/clip/76243749/the-dothan-eagle/,,[0],"[1,1]",32.2226066,-110.9747108,,0,0
12524,News Article,The Monroe News-Star,Monroe,Louisiana,25-Nov-42,1,"Hitler Half Through With Mad Murder Of 4,000,000",,Kenneth L. Dixon (AP),Nazi Plan to Kill All Jews Confirmed,Newspapers.com (https://www.newspapers.com),Published,Eric Schmalz,"Dr. Stephen Wise announces that according to State Department sources, Nazi Germany has killed over 2 million European Jews.  He also discusses the speed and methods the Nazis were using to carry out their extermination plan.  Article found by Dr. Sidney Davidson.",,https://newspapers.ushmm.org/article/12524,https://www.newspapers.com/clip/61628029/,,[0],"[1,1]",32.5093109,-92.1193012,,0,0
12214,News Article,The Index-Journal,Greenwood,South+Carolina,25-Nov-42,1,"Details, Proof of Jewish Extermination Reported ",,Kenneth L. Dixon (AP),Nazi Plan to Kill All Jews Confirmed,Newspapers.com (https://www.newspapers.com),Published,Edward Salo,Article continues on page 7. ,"Another good find, Edward. Thank you! -Eric",https://newspapers.ushmm.org/article/12214,https://www.newspapers.com/clip/54521185/,,[9],"[1,1]",34.1954001,-82.1617883,,0,0
11567,News Article,The Bismarck Tribune,Bismarck,North+Dakota,25-Nov-42,1,Claim Axis Doctors Killing Jews by Thousands in Poland,Air Bubbles Said Injected Into Victims' Veins,Kenneth L. Dixon (AP),Nazi Plan to Kill All Jews Confirmed,Newspapers.com (https://www.newspapers.com),Published,Amy Minton,Mentions Dr. Stephen Wise carries documentary proof that Hitler ordered extermination of European Jewry.,,https://newspapers.ushmm.org/article/11567,https://newspapers.ushmm.org/manager/article/photo/20679/original,,"[7,8,9]","[0,0]",46.8083268,-100.7837392,,0,0
4657,News Article,Prescott Evening Courier,Prescott,Arizona,25-Nov-42,1,Leaders Weigh Jew Slaughter,,Kenneth L. Dixon (AP),Nazi Plan to Kill All Jews Confirmed,Google Newspaper Archive (https://news.google.com/newspapers),Published,DiAnna Martinez,"This articles concerns Dr Wise describing the Nazi plan to kill all European Jews by the end of 1942. It goes on to explain that he had documentation that proved that this was the plan and that approximately half of the estimated 4 million Jews in Nazi occupied Europe had already been killed and the Nazis planned to move the rest off to Poland in order to complete their goal. Wise went on to say that Nazi doctors were killing ‚Äúmore than 100 men an hour, per doctor.‚Äù The article goes on to say that the Polish government in exile in London reported that Himmler had ordered the extermination of one-half of the Jewish population in Poland by the end of the year and that 250,00 had been killed through September. Article continues on page 3. Link to article: https://news.google.com/newspapers?nid=MNNNGtAgD4EC&dat=19421125&printsec=frontpage&hl=en

",,https://newspapers.ushmm.org/article/4657,https://www.newspapers.com/clip/25912682/,,[0],"[1,1]",34.5400242,-112.4685025,,0,1
3062,News Article,Greeley Daily Tribune and the Greeley Republican,Greeley,Colorado,25-Nov-42,1,Hitler Orders Europe's Jews Be Eliminated,,Kenneth L. Dixon (AP),Nazi Plan to Kill All Jews Confirmed,http://ezproxy.ppld.org/,Published,Deena Williams,Also available via Newspapers.com,,https://newspapers.ushmm.org/article/3062,https://newspapers.ushmm.org/manager/article/photo/16444/original,,"[7,8,9]","[1,1]",40.4233142,-104.7091322,,0,0
736,News Article,The North Adams Transcript,Adams,Massachusetts,25-Nov-42,1,Says Nazis Intend to Wipe Out Jews,,Kenneth L. Dixon (AP),Nazi Plan to Kill All Jews Confirmed,Newspapers.com (https://www.newspapers.com),Published,Lael Fuller,Source: https://www.newspapers.com/newspage/1882440/,,https://newspapers.ushmm.org/article/736,https://newspapers.ushmm.org/manager/article/photo/14055/original,,"[7,8,9]","[1,1]",42.6242251,-73.1174344,,0,0
734,News Article,The Daily Inter Lake,Kalispell,Montana,25-Nov-42,2,Jew Extermination Plan of Nazis to Be Aired at Meet,,Kenneth L. Dixon (AP),Nazi Plan to Kill All Jews Confirmed,Newspapers.com (https://www.newspapers.com),Published,Lael Fuller,Source: https://www.newspapers.com/newspage/20804092/,,https://newspapers.ushmm.org/article/734,https://newspapers.ushmm.org/manager/article/photo/13881/original,,"[7,8,9]","[1,1]",48.1919889,-114.316813,,0,0
43662,News Article,Daily Advertiser,Lafayette,Louisiana,26-Nov-42,3,Jewish Groups Study German Drive On Jews,,AP,Nazi Plan to Kill All Jews Confirmed,Newspapers.com (https://www.newspapers.com),Published,Patricia Pawelak-Kort,,,https://newspapers.ushmm.org/article/43662,https://www.newspapers.com/clip/68095652/,,[0],"[0,0]",30.2240897,-92.0198427,,0,1
39563,News Article,"The Morning Herald (Hagerstown, Maryland)",Hagerstown,Maryland,26-Nov-42,1,STORY IS TOLD OF HITLER'S CAMPAIGN,Dr. Wise Relates Details Of Drive To Exterminate Jews,AP,Nazi Plan to Kill All Jews Confirmed,Newspapers.com (https://www.newspapers.com),Published,Katherine Vaughan,Article continues on page 12.,"Excellent find!

-- David K.",https://newspapers.ushmm.org/article/39563,https://www.newspapers.com/clip/61500715/,,[98],"[1,1]",39.6417629,-77.7199932,,1,0
21487,News Article,Deadwood Pioneer-Times,Deadwood,South+Dakota,26-Nov-42,1,"Extermination of Jews is Planned by Nazis, Claimed",Dr. Stephen S. Wise Says Proof of Story is Established,AP,Nazi Plan to Kill All Jews Confirmed,Newspapers.com (https://www.newspapers.com),Published,Annie Cornell,"This article focuses on Dr. Stephen Wise's evidence gathered on Hitler's plan to exterminate every last Jew. It states that Dr. Wise's evidence had already been verified as authentic by the state department officials and ""a representative of President Roosevelt"". In addition to prior death toll counts, the article also describes what is to be done with the remaining half-population of Jews, and mentions specific killing methods and numbers to relay the severity of the situation.","You are the first person to find and submit this article. Great work, Annie! -Eric",https://newspapers.ushmm.org/article/21487,https://newspapers.ushmm.org/manager/article/photo/17118/original,,"[7,8,9]","[1,1]",44.376651,-103.7296415,,1,0
18285,News Article,The Montana Standard,Butte,Montana,26-Nov-42,2,Nazi Slaughter of Jews Speeded,Hitler Said Ired by Slowness,AP,Nazi Plan to Kill All Jews Confirmed,Newspapers.com (https://www.newspapers.com),Published,Steven Braverman,,,https://newspapers.ushmm.org/article/18285,https://www.newspapers.com/clip/21547689/,,[0],"[1,1]",46.0038232,-112.5347775,,0,0
995,News Article,The Salem News,Salem,Ohio,27-Nov-42,10,SAYS HITLER SEEKS TO KILL ALL JEWS,,None listed,Nazi Plan to Kill All Jews Confirmed,Newspapers.com (https://www.newspapers.com),Published,Charles Stern,"Source:
https://www.newspapers.com/image/90421645/?terms=kill%2Ball%2Bjews",,https://newspapers.ushmm.org/article/995,https://newspapers.ushmm.org/manager/article/photo/936/original,,"[6,7,8,9]","[1,1]",40.9008923,-80.8567501,,0,0
1429,News Article,Gastonia Daily Gazette,Gastonia,North+Carolina,25-Nov-42,1,Nazi Plans to Exterminate Jews Detailed,"Jewish Leaders Meet to Hear of Hitler's Plan to Exterminate All Jews In Europe By End Of Year; 2,000,000 Already Slain",Kenneth L. Dixon (AP),Nazi Plan to Kill All Jews Confirmed,Find Newspaper Archive (https://newspaperarchive.com/),Published,Joan McHale,"Detailed account of events in Nazi-occupied Europe authenticated by the State Department.  Half of Jews have been killed, Hitler was wrathful at ""failure to complete the extermination immediately.""  A Roosevelt representative said ""the worst you though is true.""",,https://newspapers.ushmm.org/article/1429,https://www.newspapers.com/clip/25107756/,,[9],"[1,1]",35.262082,-81.1873005,,0,0
10434,News Article,The Winona Republican and Herald/The Winona Republican-Herald/The Winona Daily News,Winona,Minnesota,25-Nov-42,1,Plot to Kill All Jews Under Hitler Charged,"2,000,000 Already Slain, Dr. Stephen Wise Declares ",Kenneth L. Dixon (AP),Nazi Plan to Kill All Jews Confirmed,Winona State University ,Published,Alexandra Johnson,,"I can verify all the data from this entry. The issue date is 11/25/1942. I edited your original date of 11/11/1942 to reflect the article date. Thank you, Alex! -Eric",https://newspapers.ushmm.org/article/10434,https://newspapers.ushmm.org/manager/article/photo/17592/original,,[0],"[1,1]",44.0553908,-91.6663523,,1,0
1437,News Article,The Berkshire County Eagle,Pittsfield,Massachusetts,25-Nov-42,1,Jews Gather To Stem Mammoth Nazi Pogrom,Dr. Wise Says Hitler Has Ordered Death to Whole Race in Europe By End of Year,AP,Nazi Plan to Kill All Jews Confirmed,Find Newspaper Archive (https://newspaperarchive.com/),Published,Joan McHale,Added information of Jews in Norway arrested in house-to-house search and sent to concentration camps and put to work in Norway or Poland.,,https://newspapers.ushmm.org/article/1437,https://newspapers.ushmm.org/manager/article/photo/12349/original,,[98],"[1,1]",42.4500845,-73.2453824,,1,1
3825,News Article,Duluth Herald,Duluth,Minnesota,25-Nov-42,1,Nazi Killing of Jews to Be Aired ,,AP,Nazi Plan to Kill All Jews Confirmed,Duluth Public Library ,Published,Katie Murr,,,https://newspapers.ushmm.org/article/3825,https://newspapers.ushmm.org/manager/article/photo/14034/original,,"[7,8,9]","[1,1]",46.7866719,-92.1004852,,0,0
9832,News Article,The Seattle Daily Times/The Seattle Times,Seattle,Washington,25-Nov-42,24,"2,000,000 Jews Belived Slain",,AP,Nazi Plan to Kill All Jews Confirmed,www.spl.org,Published,Penn Anderson,,,https://newspapers.ushmm.org/article/9832,https://www.newspapers.com/clip/25108325/,,[0],"[1,1]",47.6062095,-122.3320708,SPECIAL,0,0
12556,News Article,The Evening Star/The Washington Evening Star,Washington,District+Of+Columbia,25-Nov-42,1,Plot to Kill All Jews in Europe This Year Charged to Hitler,Two Million Claimed Already Slaughtered; Leaders of Race Meet in New York Today,AP,Nazi Plan to Kill All Jews Confirmed,http://www.readex.com/content/americas-historical-newspapers,Published,Elizabeth Rudman,"This article is important because it discusses the confirmation of Nazi killing of Jews. As a result, Jewish leaders met in New York to address the World Jewish Congress. The article also talks about how Rabbi Wise had proof of the Nazis' agenda through the State Department and a personal representative of President Roosevelt.","I find it fascinating that the other edition of The Evening Star for November 25, 1942 did not contain this article. -Eric",https://newspapers.ushmm.org/article/12556,https://www.newspapers.com/clip/28508552/,,[98],"[1,1]",38.9071923,-77.0368707,,0,0
13255,News Article,Wisconsin Rapids Daily Tribune,Wisconsin+Rapids,Wisconsin,25-Nov-42,2,Disclose Hitler Order for Jews' Extermination,,AP,Nazi Plan to Kill All Jews Confirmed,Carroll University Newspaper Archive (http://archives.carrollu.edu/),Published,Anamarie Di Tulio,,"This article is found on page 2 and relates to the Nazi plan to kill all Jews. I made the changes in your submission. You are the first person to upload this article. Thank you for your valuable work, Anamarie! -Eric",https://newspapers.ushmm.org/article/13255,https://www.newspapers.com/clip/31023882/,,"[8,9]","[1,1]",44.3835763,-89.8173465,,0,0
13418,News Article,The Detroit News/The Detroit Evening News/The Evening News,Detroit,Michigan,25-Nov-42,4,Jews in U.S. Told of Purge,Hitler Extermination Order Reported,AP,Nazi Plan to Kill All Jews Confirmed,USHMM Library,Published,Mark De La Torre,This article was published in the US which brought attention to the American population. This is important because it gained the support of Jewish-Americans as well as those against Hitler's ruling.,"Mark,
Thank you for your submission! -Katie",https://newspapers.ushmm.org/article/13418,https://newspapers.ushmm.org/manager/article/photo/20044/original,,"[6,8,9]","[1,1]",42.331427,-83.0457538,,0,1
13606,News Article,The Evening Tribune (Albert Lea),Albert+Lea,Minnesota,25-Nov-42,3,All Jews in Nazi Occupied Europe to Die,Dr. Stephen Wise to Lay Alleged Campaign Before N. Y. Committee,AP,Nazi Plan to Kill All Jews Confirmed,https://access-newspaperarchive-com.pioproxy.carrollu.edu/,Published,Dawson Kiphart,,"I added ""AP"" for ""Associated Press"" wire service in the author/byline field. This is a good find, Dawson. What a startling headline. Thank you for the work! -Eric",https://newspapers.ushmm.org/article/13606,https://newspapers.ushmm.org/manager/article/photo/20644/original,,[0],"[1,1]",43.6478006,-93.3686555,,1,0
14935,News Article,The Grand Rapids Press,Grand+Rapids,Michigan,25-Nov-42,1,Hear Hitler Orders Murder Of All Jews in Nazi Europe,,AP,Nazi Plan to Kill All Jews Confirmed,Grand Rapids Public Library,Published,Austin Mazur,The article (bottom middle of the page) discussed how the Nazis had already exterminated almost 2 million of the total 4 million Jews that made up the Nazi occupied Europe.,"Austin, you did a good job entering in this submission. The only changes I made were taking out ""Washington"" in the byline (AP is all we need here) and changing the capitalization in the headline. We have this article already in the database. To try to avoid uploading material already on the website, please follow this guide: https://newspapers.ushmm.org/blog/2017/09/14/how-do-i-upload-articles-not-yet-in-the-database/   Thank you for your work! -Eric",https://newspapers.ushmm.org/article/14935,https://newspapers.ushmm.org/manager/article/photo/23129/original,,[98],"[1,1]",42.9633599,-85.6680863,SPECIAL,0,0
15507,News Article,The Newark Advocate and American Tribune,Newark,Ohio,25-Nov-42,1,Jews Learn Nazi Plan To Efface Race,Extinction Order By Hitler Sets Year-end To Finish Butchery,AP,Nazi Plan to Kill All Jews Confirmed,Muskingum Library,Published,Skyler Juhnke,"This is important, for it is claims that the Jews have finally learned about the mass killing of Jews that had happened throughout the war.","Good work, Skyler! -Eric",https://newspapers.ushmm.org/article/15507,https://newspapers.ushmm.org/manager/article/photo/23232/original,,"[6,7,8,9]","[1,0]",40.0581205,-82.4012642,,0,1
19629,News Article,Public Opinion Franklin Repository/The Chambersburg Public Opinion,Chambersburg,Pennsylvania,25-Nov-42,1,Race Extinction Order of Hitler Up for Scrutiny,Plan to Exterminate All Jews in Nazi-Occupied Europe Laid Before Committee,AP,Nazi Plan to Kill All Jews Confirmed,Coyle Free Library (http://www.fclspa.org/locations/coyle-free-library/),Published,Tara Quinlivan,"The editorial page on this date and the following days did not mention the article, which could be inferred to mean there was not much interest. The wording of the headline implies skepticism on the part of the Associate Press.  Notice the contrast in the category wording History Unfolded chose (Confirmed) versus the headline (Scrutinized). I've submitted the rest of the article in another submission as there was not an option to upload two images in one submission.","This is a great new find for us, Tara. Thank you for your thoughtful analysis. It is hard to know whether editorial decisions reflect or even correspond to general public interest in topics such as the Nazi plan to kill all Jews. -Eric",https://newspapers.ushmm.org/article/19629,https://www.newspapers.com/clip/66923788/,,[98],,39.9375911,-77.6611022,,0,0
19905,News Article,The La Crosse Tribune and Leader Press/The La Crosse Tribune (Sunday edition),La+Crosse,Wisconsin,25-Nov-42,11,"Two Million Jews Slaughtered, More Face Death Declares Dr. Stephen Wise",,AP,Nazi Plan to Kill All Jews Confirmed,Find Newspaper Archive (https://newspaperarchive.com/),Published,Susan T Hessel,"Rabbi Wise said state department officials had confirmed the authenticity of sources that revealed half of the estimated 4 million Jews in Nazi-occupied Europe had already been killed. He said ""Hitler was wrathful oat 'failure to complete the extermination immediately.'""",,https://newspapers.ushmm.org/article/19905,https://www.newspapers.com/clip/71116230/,,"[8,9]","[1,1]",43.8137751,-91.2519017,,1,0
21822,News Article,The Binghamton Press,Binghamton+,New+York,25-Nov-42,16,"Extermination of Jews Is Aim, Says Dr. Wise",All Now in Nazi-Occupied Lands Doomed Under Hitler's Orders,AP,Nazi Plan to Kill All Jews Confirmed,http://fultonhistory.com/Fulton.html,Published,Aidan Delaney,This article is important and relevant because it goes into the detail of Dr. Wise talking about the German plan to kill the Jews.,"You are the first person to find and upload this article. Great work, Aidan! -Eric",https://newspapers.ushmm.org/article/21822,https://www.newspapers.com/clip/87510072/the-sacramento-bee/,,[0],"[1,1]",42.0986867,-75.9179738,,1,0
22348,News Article,Pittsburgh Post-Gazette,Pittsburgh,Pennsylvania,25-Nov-42,,Hitler Edict to Kill All Jews Revealed,,AP,Nazi Plan to Kill All Jews Confirmed,Carnegie Library of Pittsburgh,Published,Samantha Greiner,,"Hi Samantha,
Great find. Your article has been published..
Peter G.",https://newspapers.ushmm.org/article/22348,,,"[8,9]","[1,1]",40.4406248,-79.9958864,,0,0
22964,News Article,Wausau Daily Record-Herald,Wausau,Wisconsin,25-Nov-42,1,Over 2 Million Jews Slain by Nazis,Race extermination charges confirmed by state department,AP,Nazi Plan to Kill All Jews Confirmed,Wisconsin Historical Society,Published,Arthur Waldman,,Wonderful work Arthur! Thank you for taking the time to resubmit both articles! Keep up the great work! -Megan,https://newspapers.ushmm.org/article/22964,,,"[8,9]","[1,1]",44.9591352,-89.6301221,,0,0
26492,News Article,Aberdeen American-News,Aberdeen,South+Dakota,25-Nov-42,1,"2,000,000 Slaughtered in Jew Extermination Order",Head of Jewish Congress Says Hitler Has Marked 2 Million More For Death,AP,Nazi Plan to Kill All Jews Confirmed,Library of Congress,Published,Barbara Jaindl,"Backpage reporting unreadable because of poor scan quality; Term ""Final Solution"" not references","Hello Barbara, thank you for submitting this article! 
Right, the scan is not great, but I could find the same article in another South Dakota newspaper published on the same day, see https://www.newspapers.com/image/19342208/. This allowed me to confirm that AP was the wire service, not UP, so I edited the metadata you entered. Would you like to submit this article to the database? We have others from the Evening Huronite but not this one. –Nadia  ",https://newspapers.ushmm.org/article/26492,,,[98],"[1,1]",45.4646985,-98.4864829,,1,0
29037,News Article,The Christian Science Monitor,Boston,Massachusetts,25-Nov-42,7,Jews Explore Reported Plot By Nazis to Wipe Out People,,AP,Nazi Plan to Kill All Jews Confirmed,ProQuest Historical Newspapers (www.proquest.com),Published,Taylor Horst,,,https://newspapers.ushmm.org/article/29037,,,[0],"[1,1]",42.3600825,-71.0588801,,0,1
49179,News Article,The Daily Home News/The Central New Jersey Home News,New+Brunswick,New+Jersey,25-Nov-42,3,Slaughter of 2 Million Jews Under Hitler Order Revealed,Details of Campaign to Exterminate Race in Nazi-Dominated Europe to Be Laid Before Committee,AP,Nazi Plan to Kill All Jews Confirmed,New York Public Library,Published,Sandra Auerbach,,,https://newspapers.ushmm.org/article/49179,,,[98],"[0,0]",40.4862157,-74.4518188,,0,0
49185,News Article,Elmira Star-Gazette,Elmira,New+York,25-Nov-42,2,"Hitler Orders Death for All European Jews, Says Dr. Wise",,AP,Nazi Plan to Kill All Jews Confirmed,New York Public Library,Published,Sandra Auerbach,,,https://newspapers.ushmm.org/article/49185,,,[99],"[1,1]",42.0897965,-76.8077338,,1,0
49227,News Article,The Ithaca Journal/ Ithaca Journal-News,Ithaca,New+York,25-Nov-42,1,Nazis Accused of Planning To Kill Jews,,AP,Nazi Plan to Kill All Jews Confirmed,New York Public Library,Published,Sandra Auerbach,,"Wow, that headline might speak as much about The Ithaca Journal as it does about the Nazis. -Eric",https://newspapers.ushmm.org/article/49227,,,[98],"[1,1]",42.4439614,-76.5018807,,0,0
1,News Article,Alabama Journal,Montgomery,Alabama,25-Nov-42,3,Hitler Pushes Drive to Exterminate Jews,,AP,Nazi Plan to Kill All Jews Confirmed,Newspapers.com (https://www.newspapers.com),Published,Joel Lee,,,https://www.newspapers.com/image/415341045/?terms=wise%20%22details%20of%20a%22&match=1,https://www.newspapers.com/image/415341045/?terms=wise%20%22details%20of%20a%22&match=1,,[7],"[1,0]",32.3792233,-86.3077368,,0,0
2,News Article,The Caledonian-Record,St.+Johnsbury,Vermont,25-Nov-42,1,Two Million Have Been Killed By Hitler's Order,Dr. Stephen S. Wise To Present Startling Facts Before Jewish Congress,AP,Nazi Plan to Kill All Jews Confirmed,Newspapers.com (https://www.newspapers.com),Published,Joel Lee,,,https://www.newspapers.com/image/660189900/?terms=wise%20%22details%20of%20a%22&match=1,https://www.newspapers.com/image/660189900/?terms=wise%20%22details%20of%20a%22&match=1,,[0],"[1,1]",44.4192627,-72.0151184,,1,0
3,News Article,Kenosha News,Kenosha,Wisconsin,25-Nov-42,3,Hitler Campaign to Exterminate Jews Confirmed,"Report on How More Than 2,000,000 Have Been Slain Given by Dr. Wise",AP,Nazi Plan to Kill All Jews Confirmed,Newspapers.com (https://www.newspapers.com),Published,Joel Lee,,,https://www.newspapers.com/image/596139116/?terms=wise%20%22details%20of%20a%22&match=1,https://www.newspapers.com/image/596139116/?terms=wise%20%22details%20of%20a%22&match=1,,"[8,9]","[1,1]",42.5847425,-87.8211854,,1,0
4,News Article,The Barre Daily Times,Barre,Vermont,25-Nov-42,1,Killing 100 Jews An Hour In War of Extermination,"Claim Made That 2,000,000 Jews Already Have Been Killed In Hitler's Plan.",AP,Nazi Plan to Kill All Jews Confirmed,Newspapers.com (https://www.newspapers.com),Published,Joel Lee,,,https://www.newspapers.com/image/660558818/?terms=wise%20%22details%20of%20a%22&match=1,https://www.newspapers.com/image/660558818/?terms=wise%20%22details%20of%20a%22&match=1,,[0],"[1,1]",44.1970055,-72.5020494,,0,0
5,News Article,Lancaster New Era,Lancaster,Pennsylvania,25-Nov-42,1,All Jews in Nazi-Europe Declared Slated for Death,"Two Million Already Slain, Same Number Doomed to Die by End of Year Under Campaign of Extermination, Dr. Wise Asserts",AP,Nazi Plan to Kill All Jews Confirmed,Newspapers.com (https://www.newspapers.com),Published,Joel Lee,,,https://www.newspapers.com/image/560965334/?terms=wise%20%22details%20of%20a%22&match=1,https://www.newspapers.com/image/560965334/?terms=wise%20%22details%20of%20a%22&match=1,,[9],"[1,1]",40.0378755,-76.3055144,,0,0
6,News Article,Marshfield News-Herald,Marshfield,Wisconsin,25-Nov-42,3,Wise Claims Nazis Plan to Exterminate All Jews,,AP,Nazi Plan to Kill All Jews Confirmed,Newspapers.com (https://www.newspapers.com),Published,Joel Lee,,,https://www.newspapers.com/image/267255497/?terms=wise%20%22details%20of%20a%22&match=1,https://www.newspapers.com/image/267255497/?terms=wise%20%22details%20of%20a%22&match=1,,"[8,9]","[1,1]",44.6688524,-90.1717987,,1,0
7,News Article,The News,Paterson,New+Jersey,25-Nov-42,10,Committee to Get Slaughter Facts,Dr. Wise to Tell of Campaign to Exterminate Jews in Europe,AP,Nazi Plan to Kill All Jews Confirmed,Newspapers.com (https://www.newspapers.com),Published,Joel Lee,,,https://www.newspapers.com/image/526772908/?terms=wise%20%22details%20of%20a%22&match=1,https://www.newspapers.com/image/526772908/?terms=wise%20%22details%20of%20a%22&match=1,,[0],"[1,1]",40.9167654,-74.171811,,1,1
8,News Article,Evansville Press,Evansville,Indiana,25-Nov-42,4,Plot To Erase Jews Revealed,,AP,Nazi Plan to Kill All Jews Confirmed,Newspapers.com (https://www.newspapers.com),Published,Joel Lee,,,https://www.newspapers.com/image/763338129/?terms=wise%20%22details%20of%20a%22&match=1,https://www.newspapers.com/image/763338129/?terms=wise%20%22details%20of%20a%22&match=1,,"[8,9]","[1,1]",37.9715592,-87.5710898,,0,0
9,News Article,The Dispatch,Moline,Illinois,25-Nov-42,16,Say Hitler Bent On Destroying All Jews,,AP,Nazi Plan to Kill All Jews Confirmed,Newspapers.com (https://www.newspapers.com),Published,Joel Lee,,,https://www.newspapers.com/image/339800124/?terms=wise%20%22details%20of%20a%22&match=1,https://www.newspapers.com/image/339800124/?terms=wise%20%22details%20of%20a%22&match=1,,"[8,9]","[1,1]",41.5067003,-90.5151342,,0,0
10,News Article,Freeport Journal-Standard,Freeport,Illinois,25-Nov-42,3,Jewish Organizations Will Study Nazi Plan For Extermination,,AP,Nazi Plan to Kill All Jews Confirmed,Newspapers.com (https://www.newspapers.com),Published,Joel Lee,,,https://www.newspapers.com/image/3205305/?terms=wise%20%22details%20of%20a%22&match=1,https://www.newspapers.com/image/3205305/?terms=wise%20%22details%20of%20a%22&match=1,,"[8,9]","[1,1]",42.2966861,-89.6212271,,0,1
11,News Article,The Times,Streator,Illinois,25-Nov-42,1,Order All Jews in Nazi-Ruled Europe Killed,"More Than 2,000,000 Already Have Been Slaughtered By Hitler's Order",AP,Nazi Plan to Kill All Jews Confirmed,Newspapers.com (https://www.newspapers.com),Published,Joel Lee,,,https://www.newspapers.com/image/542788543/?terms=wise%20%22details%20of%20a%22&match=1,https://www.newspapers.com/image/542788543/?terms=wise%20%22details%20of%20a%22&match=1,,"[8,9]","[1,1]",41.1208668,-88.835352,,0,0
12,News Article,The Record,Hackensack,New+Jersey,25-Nov-42,3,"Evidence On Nazi Slaughter of 2,000,000 In Poland To Be Laid Before U.S. Jews","Wise, Leaving Conferences in Washington, Says He Has Documentary Proof Of Hitler Order To Wipe Out Race",AP,Nazi Plan to Kill All Jews Confirmed,Newspapers.com (https://www.newspapers.com),Published,Joel Lee,,,https://www.newspapers.com/image/489757831/?terms=wise%20%22details%20of%20a%22&match=1,https://www.newspapers.com/image/489757831/?terms=wise%20%22details%20of%20a%22&match=1,,[0],"[0,0]",40.8859325,-74.0434736,,1,0
13,News Article,The Minneapolis Star,Minneapolis,Minnesota,25-Nov-42,2,Hitler Order to Wipe Out Jews Bared,"Reports Confirmed, Leader Says",AP,Nazi Plan to Kill All Jews Confirmed,Newspapers.com (https://www.newspapers.com),Published,Joel Lee,,,https://www.newspapers.com/image/187588530/?terms=wise%20%22details%20of%20a%22&match=1,https://www.newspapers.com/image/187588530/?terms=wise%20%22details%20of%20a%22&match=1,,[9],"[1,1]",44.977753,-93.2650108,,0,0
14,News Article,The Bristol News Bulletin,Bristol,Tennessee,25-Nov-42,3,Germans Will Exterminate All Jewry,,AP,Nazi Plan to Kill All Jews Confirmed,Newspapers.com (https://www.newspapers.com),Published,Joel Lee,,,https://www.newspapers.com/image/584709424/?terms=wise%20%22details%20of%20a%22&match=1,https://www.newspapers.com/image/584709424/?terms=wise%20%22details%20of%20a%22&match=1,,"[7,8,9]","[1,1]",36.5951059,-82.1887444,,0,0
15,News Article,Chippewa Herald-Telegram,Chippewa+Falls,Wisconsin,25-Nov-42,1,Insists Hitler Plans to Exterminate All Jews In Naziland This Year,Two Million Already Dead-Two Million Face Death Says Dr. Wise,AP,Nazi Plan to Kill All Jews Confirmed,Newspapers.com (https://www.newspapers.com),Published,Joel Lee,,,https://www.newspapers.com/image/417287012/?terms=wise%20%22details%20of%20a%22&match=1,https://www.newspapers.com/image/417287012/?terms=wise%20%22details%20of%20a%22&match=1,,"[8,9]","[1,1]",44.9369054,-91.3929348,,1,0
16,News Article,St. Cloud Times,Saint+Cloud,Minnesota,25-Nov-42,1,Nazi Murder of Jews in Europe Stirs America,Hitler Reported to Have Directed End of Race by January 1.,AP,Nazi Plan to Kill All Jews Confirmed,Newspapers.com (https://www.newspapers.com),Published,Joel Lee,,,https://www.newspapers.com/image/222199059/?terms=wise%20%22details%20of%20a%22&match=1,https://www.newspapers.com/image/222199059/?terms=wise%20%22details%20of%20a%22&match=1,,[0],"[1,1]",45.5579451,-94.1632404,,0,0
17,News Article,Fort Collins Coloradoan,Fort+Collins,Coloradoan,25-Nov-42,12,"Hitler Has Ordered Extermination of All Jews in Occupied Europe by Jan. 1, Dr. Wise Charges",,AP,Nazi Plan to Kill All Jews Confirmed,Newspapers.com (https://www.newspapers.com),Published,Joel Lee,,,https://www.newspapers.com/image/589370836/?terms=wise%20%22details%20of%20a%22&match=1,https://www.newspapers.com/image/589370836/?terms=wise%20%22details%20of%20a%22&match=1,,"[8,9]","[1,1]",40.5751342,-105.0525817,,1,0
19,News Article,The Chickasha Daily Express,Chickasha,Oklahoma,25-Nov-42,4,Nazis Speeding Jew Slaughter,,AP,Nazi Plan to Kill All Jews Confirmed,Newspapers.com (https://www.newspapers.com),Published,Joel Lee,,,https://www.newspapers.com/image/715175331/?terms=wise%20%22details%20of%20a%22&match=1,https://www.newspapers.com/image/715175331/?terms=wise%20%22details%20of%20a%22&match=1,,"[6,7,8,9]","[1,1]",35.052565,-97.9364326,,0,0
20,News Article,Muncie Evening Press,Muncie,Indiana,25-Nov-42,1,Death for All Jews in Europe By Jan. 1 Decreed By Hitler,Victims Murdered by Injection of Air Bubbles,AP,Nazi Plan to Kill All Jews Confirmed,Newspapers.com (https://www.newspapers.com),Published,Joel Lee,,,https://www.newspapers.com/image/249258632/?terms=wise%20%22details%20of%20a%22&match=1,https://www.newspapers.com/image/249258632/?terms=wise%20%22details%20of%20a%22&match=1,,"[8,9]","[1,1]",40.1933767,-85.3863599,,0,0
21,News Article,Wichita Falls Times,Wichita,Texas,25-Nov-42,5,Dr. Wise Reveals Hitler Plan to Slay All Jews in Nazi-Occupied Europe,,AP,Nazi Plan to Kill All Jews Confirmed,Newspapers.com (https://www.newspapers.com),Published,Joel Lee,,,https://www.newspapers.com/image/774158727/?terms=wise%20%22details%20of%20a%22&match=1,https://www.newspapers.com/image/774158727/?terms=wise%20%22details%20of%20a%22&match=1,,"[6,7,8,9]","[1,1]",33.9137085,-98.4933873,,1,0
22,News Article,Fremont Tribune,Fremont,Nebraska,25-Nov-42,3,All Jews Marked For Death,,AP,Nazi Plan to Kill All Jews Confirmed,Newspapers.com (https://www.newspapers.com),Published,Joel Lee,,,https://www.newspapers.com/image/500153173/?terms=wise%20%22details%20of%20a%22&match=1,https://www.newspapers.com/image/500153173/?terms=wise%20%22details%20of%20a%22&match=1,,"[7,8,9]","[1,1]",41.4333909,-96.4981467,,0,0
23,News Article,The Courier-News,Bridgewater,New+Jersey,25-Nov-42,5,Mass Murder of Jews by Nazis Reported,,AP,Nazi Plan to Kill All Jews Confirmed,Newspapers.com (https://www.newspapers.com),Published,Joel Lee,,,https://www.newspapers.com/image/220012233/?terms=wise%20%22details%20of%20a%22&match=1,https://www.newspapers.com/image/220012233/?terms=wise%20%22details%20of%20a%22&match=1,,"[7,8,9]","[0,0]",40.5939636,-74.6049061,,0,0
24,News Article,San Angelo Evening Standard,San+Angelo,Texas,25-Nov-42,13,Wise Says He Has Documentary Proof-Committee of Leading Jewish Organizations Will Hear Details Of Nazi Plan To Exterminate Jews,,AP,Nazi Plan to Kill All Jews Confirmed,Newspapers.com (https://www.newspapers.com),Published,Joel Lee,,,https://www.newspapers.com/image/779311984/?terms=wise%20%22details%20of%20a%22&match=1,https://www.newspapers.com/image/779311984/?terms=wise%20%22details%20of%20a%22&match=1,,[0],"[0,0]",31.4637723,-100.4370375,,1,0
25,News Article,Los Angeles Evening Citizen News,Hollywood,California,25-Nov-42,2,Nazis Doom All Jews by End of Year,,AP,Nazi Plan to Kill All Jews Confirmed,Newspapers.com (https://www.newspapers.com),Published,Joel Lee,,,https://www.newspapers.com/image/683780742/?terms=wise%20%22details%20of%20a%22&match=1,https://www.newspapers.com/image/683780742/?terms=wise%20%22details%20of%20a%22&match=1,,"[8,9]","[0,0]",34.0928092,-118.3286614,,0,0
26,News Article,The Newport Daily Express,Newport,Vermont,25-Nov-42,2,All Jews in Occupied Europe Ordered Killed,,AP,Nazi Plan to Kill All Jews Confirmed,Newspapers.com (https://www.newspapers.com),Published,Joel Lee,,,https://www.newspapers.com/image/659092271/?terms=wise%20%22details%20of%20a%22&match=1,https://www.newspapers.com/image/659092271/?terms=wise%20%22details%20of%20a%22&match=1,,"[5,6,7,8,9]","[1,1]",44.9364356,-72.2051022,,0,0
27,News Article,The Kearney Daily Hub,Kearney,Nebraska,25-Nov-42,1,Hitler Plans Extermination of Jewish Race,,AP,Nazi Plan to Kill All Jews Confirmed,Newspapers.com (https://www.newspapers.com),Published,Joel Lee,,,https://www.newspapers.com/image/708438358/?terms=wise%20%22details%20of%20a%22&match=1,https://www.newspapers.com/image/708438358/?terms=wise%20%22details%20of%20a%22&match=1,,"[7,8,9]","[1,1]",40.6993303,-99.0816784,,0,0
28,News Article,The Sandusky Register,Sandusky,Ohio,25-Nov-42,7,Jews To Hear Full Details Of Slaughter,,AP,Nazi Plan to Kill All Jews Confirmed,Newspapers.com (https://www.newspapers.com),Published,Joel Lee,,,https://www.newspapers.com/image/4509267/?terms=wise%20%22details%20of%20a%22&match=1,https://www.newspapers.com/image/4509267/?terms=wise%20%22details%20of%20a%22&match=1,,"[6,7,8,9]","[0,0]",41.4561754,-82.7116821,,0,1
29,News Article,Chillicothe Gazette,Chillicothe,Ohio,25-Nov-42,1,Report Two Million Jews Slaughtered In Nazi Europe,,AP,Nazi Plan to Kill All Jews Confirmed,Newspapers.com (https://www.newspapers.com),Published,Joel Lee,,,https://www.newspapers.com/image/292197952/?terms=wise%20%22details%20of%20a%22&match=1,https://www.newspapers.com/image/292197952/?terms=wise%20%22details%20of%20a%22&match=1,,"[6,7,8,9]","[0,0]",39.3331197,-82.9824019,,0,0
30,News Article,"Wilkes-Barre Times Leader, The Evening News",Wilkes-Barre,Pennsylvania,25-Nov-42,1,Jewish Groups To Discuss Campaign Against Their Race,,AP,Nazi Plan to Kill All Jews Confirmed,Newspapers.com (https://www.newspapers.com),Published,Joel Lee,,,https://www.newspapers.com/image/425735228/?terms=wise%20%22details%20of%20a%22&match=1,https://www.newspapers.com/image/425735228/?terms=wise%20%22details%20of%20a%22&match=1,,"[6,7,8,9]","[0,0]",41.2459149,-75.8813075,,0,1
31,News Article,The Marshall News Messenger,Marshall,Texas,25-Nov-42,2,Jews Will Study Nazi Slaughter Campaign,,AP,Nazi Plan to Kill All Jews Confirmed,Newspapers.com (https://www.newspapers.com),Published,Joel Lee,,,https://www.newspapers.com/image/320137375/?terms=wise%20%22details%20of%20a%22&match=1,https://www.newspapers.com/image/320137375/?terms=wise%20%22details%20of%20a%22&match=1,,"[3,4,5,6,7,8,9]","[1,1]",32.5448714,-94.3674184,,0,1
32,News Article,The Town Talk,Alexandria,Louisiana,25-Nov-42,1,Nazis in Campaign to Kill All Jews in Occupied Europe by End of Year,,AP,Nazi Plan to Kill All Jews Confirmed,Newspapers.com (https://www.newspapers.com),Published,Joel Lee,,,https://www.newspapers.com/image/213987266/?terms=wise%20%22details%20of%20a%22&match=1,https://www.newspapers.com/image/213987266/?terms=wise%20%22details%20of%20a%22&match=1,,[7],"[1,1]",31.3112936,-92.4451371,,0,0
33,News Article,Lancaster-Eagle Gazette,Lancaster,Ohio,25-Nov-42,2,Nazis Campaign to Exterminate All Jews in Europe,,AP,Nazi Plan to Kill All Jews Confirmed,Newspapers.com (https://www.newspapers.com),Published,Joel Lee,,,https://www.newspapers.com/image/295302927/?terms=wise%20%22details%20of%20a%22&match=1,https://www.newspapers.com/image/295302927/?terms=wise%20%22details%20of%20a%22&match=1,,"[5,6,7,8,9]","[0,0]",39.7136754,-82.5993294,,0,0
34,News Article,The Grand Island Daily Independent,Grand+Island,Nebraska,25-Nov-42,1,Jews Will Air Nazi Campaign,Claim Germans Have Already Killed Two Million Jews in Occupied Countries,AP,Nazi Plan to Kill All Jews Confirmed,Newspapers.com (https://www.newspapers.com),Published,Joel Lee,,,https://www.newspapers.com/image/693356577/?terms=wise%20%22details%20of%20a%22&match=1,https://www.newspapers.com/image/693356577/?terms=wise%20%22details%20of%20a%22&match=1,,"[7,8,9]","[0,0]",40.9263957,-98.3420118,,0,1